<Skin name="VirtualDJ7 (2 Decks)" version="7" width="1024" height="600">
<copyright>- (c)2010 - Atomix Productions -</copyright>
************************************************************
  Top Part (close open config etc) 
************************************************************
<grabzone>
	<size width="1024" height="25"></size>
	<pos x="0" y="0"></pos>
</grabzone>
<logo os="pc">
  <size width="68" height="17"></size>
  <pos x="8" y="4"></pos>
</logo>
<logo os="mac">
  <size width="68" height="17"></size>
  <pos x="949" y="4"></pos>
</logo>
<button action="settings" visible="force">
	<size width="57" height="19"></size>
	<pos x="834" y="0"></pos>
	<over x="+0" y="+900"></over>	
	<selected x="+0" y="+900"></selected>
	<down x="-0" y="+899"></down>
	<up x="+0" y="+871"/>
</button>
<textzone>
	<pos x="678" y="6"/>
	<size width="80" height="18"/>
	<text font="LCD" size="15" align="center" weight="bold" color="#d1d3d4" format="%fullhour"/>
	<text2 font="LCD" size="15" align="center" weight="bold" color="#d1d3d4" format="%hour12"/>
</textzone>
<visual type="linear" source="get cpu" orientation="horizontal">
	<size width="129" height="7"/>
	<pos x="244" y="10"/>
	<down x="+0" y="+900"/>	
</visual>

 --- Minimize ---
 <button os="pc" action="minimize">
	<pos x="921" y="0"/>
	<size width="28" height="18"/>
	<over x="+0" y="+900"/>
	<down x="+0" y="+900"/>
	<up x="+0" y="+871"/>
</button>

--- Maximize ---
<button os="pc" action="maximize" rightclick="maximize off">
	<pos x="949" y="0"/>
	<size width="28" height="18"/>
	<over x="+0" y="+900"/>
	<down x="+0" y="+900"/>
	<up x="+0" y="+871"/>
</button>

--- Close ---
<button os="pc" action="close">
	<pos x="978" y="0"/>
	<size width="39" height="18"/>
	<over x="+0" y="+900"/>
	<down x="+0" y="+900"/>
	<up x="+0" y="+871"/>
</button>



 --- Minimize ---
 <button os="mac" action="minimize" visible="force">
	<pos x="32" y="4"/>
	<size width="19" height="19"/>
	<over x="+0" y="+900"/>
	<down x="+0" y="+900"/>
		<up x="+0" y="+1399" />
</button>

--- Maximize ---
<button os="mac" action="maximize" rightclick="maximize off" visible="force">
	<pos x="55" y="4"/>
	<size width="19" height="19"/>
	<over x="+0" y="+900"/>
	<down x="+0" y="+900"/>
	<up x="+0" y="+1399" />
</button>

--- Close ---
<button os="mac" action="close" visible="force">
	<pos x="13" y="4"/>
	<size width="19" height="19"/>
	<over x="+0" y="+900"/>
	<down x="+0" y="+900"/>
		<up x="+0" y="+1399" />
</button>




Microphone
-------------
Input Record
-------------
<pannel id="noinput"  pannel="mixer" group="input" visible="get hasinput ? off : on">
	<size width="31" height="50"/>
	<pos x="403" y="132"/>
	<up x="+0" y="+0"/>
	<down x="+0" y="+0"/>
</pannel>

<pannel id="noinput"  pannel="mixer" group="input" visible="get hasinput ? off : on">
	<size width="31" height="50"/>
	<pos x="593" y="132"/>
	<up x="+0" y="+0"/>
	<down x="+0" y="+0"/>
</pannel>

<pannel id="hasinput"  pannel="mixer" group="input" visible="get hasinput">
	<size width="31" height="50"/>
	<pos x="403" y="132"/>
		<up x="403" y="1031"/>
	<down x="403" y="1031"/>
</pannel>
<pannel id="hasinput"  pannel="mixer" group="input" visible="get hasinput">
	<size width="31" height="50"/>
	<pos x="593" y="132"/>
		<up x="403" y="1031"/>
	<down x="403" y="1031"/>
</pannel>


<button pannel="hasinput" action="deck left linein" >
	<pos x="407" y="137"/>
	<size width="22" height="19"/>
  <up x="406" y="1036"/>
  <over x="596" y="1036"/>
  <selected x="596" y="1036"/>
  <down x="596" y="1036"/>
</button>

<button pannel="hasinput" action="deck left linein_rec" >
	<pos x="407" y="137+21"/>
	<size width="22" height="19"/>
  <up x="406" y="1036+21"/>
  <over x="596" y="1036+21"/>
  <selected x="596" y="1036+21"/>
  <down x="596" y="1036+21"/>
</button>

+190


<button pannel="hasinput" action="deck right linein" >
	<pos x="407+190" y="137"/>
	<size width="22" height="19"/>
  <up x="406" y="1036"/>
  <over x="596" y="1036"/>
  <selected x="596" y="1036"/>
  <down x="596" y="1036"/>
</button>

<button pannel="hasinput" action="deck right linein_rec" >
	<pos x="407+190" y="137+21"/>
	<size width="22" height="19"/>
  <up x="406" y="1036+21"/>
  <over x="596" y="1036+21"/>
  <selected x="596" y="1036+21"/>
  <down x="596" y="1036+21"/>
</button>



2 different master cue depending on mic or not
---
- to show if no mic - 
<pannel id="nomicmaster" pannel="mixer" group="mastermic" visible="get hasmic ? off : on">
	<size width="74" height="85"/>
	<pos x="475" y="138"/>
	<up x="475" y="1038"/>
	<down x="475" y="1038"/>
</pannel>

- to show if mic - 
<pannel id="micmaster" pannel="mixer" group="mastermic" visible="get hasmic">
	<size width="74" height="85"/>
	<pos x="475" y="138"/>
	<up x="475" y="1538"/>
	<down x="475" y="1538"/>
</pannel>


<button pannel="micmaster" action="mic" visible="force" >
	<pos x="486" y="185"/>
	<size width="20" height="17"/>
  <over x="151" y="866"/>
  <down x="174" y="866"/>
  <up x="197" y="866"/>
  <selected x="174" y="866"/>
</button>

<slider pannel="micmaster" action="mic_volume" orientation="round">
	<pos x="517" y="184"/>
	<size width="20" height="20"/>
	<up x="502" y="150"/>
	<over x="502" y="150"/>
	<down x="502" y="150"/>
	<clipmask x="401" y="2220"/>
	<fader anglemin="-160" anglemax="+160">
		<size width="20" height="20"/>
		<mask x="402" y="2179" />
		<pos x="400" y="2243" />
	</fader>
</slider>



FILTER
---------------------------------------------
<slider pannel="mixer" action="deck 1 filter" orientation="round" dblclick="deck 1 filter 50%" >
	<pos x="443" y="325"/>
		<size width="20" height="20"/>
		<clipmask x="401" y="2220"/>
	<up x="502" y="150"/>
	<over x="502" y="150"/>
	<down x="502" y="150"/>
	<fader anglemin="-160" anglemax="+160">
		<size width="20" height="20"/>
		<mask x="402" y="2179" />
		<pos x="400" y="2243" />
	</fader>
</slider>
<slider pannel="mixer" action="deck 2 filter" orientation="round" dblclick="deck 2 filter 50%" >
	<pos x="564" y="325"/>
		<size width="20" height="20"/>
		<clipmask x="401" y="2220"/>
	<up x="502" y="150"/>
	<over x="502" y="150"/>
	<down x="502" y="150"/>
	<fader anglemin="-160" anglemax="+160">
		<size width="20" height="20"/>
		<mask x="402" y="2179" />
		<pos x="400" y="2243" />
	</fader>
</slider>


BEATKEEPER
------------------------------------------------------------

<button action="deck 1 goto_bar 1" rightclick="deck 1 goto -1" >
	<size width="22" height="6"></size>
	<pos x="461" y="5"></pos>
	<over x="+0" y="+1400"></over>	
	<selected x="+0" y="+900"></selected>
</button>
<button action="deck 1 goto_bar 2" rightclick="deck 1 goto -1">
	<size width="22" height="6"></size>
	<pos x="488" y="5"></pos>
	<over x="+0" y="+1400"></over>	
	<selected x="+0" y="+900"></selected>
</button>
<button action="deck 1 goto_bar 3" rightclick="deck 1 goto +1">
	<size width="22" height="6"></size>
	<pos x="515" y="5"></pos>
	<over x="+0" y="+1400"></over>	
	<selected x="+0" y="+900"></selected>
</button>
<button action="deck 1 goto_bar 4" rightclick="deck 1 goto +1">
	<size width="22" height="6"></size>
	<pos x="542" y="5"></pos>
	<over x="+0" y="+1400"></over>	
	<selected x="+0" y="+900"></selected>
</button>

<button action="deck 2 goto_bar 1" rightclick="deck 2 goto -1">
	<size width="22" height="6"></size>
	<pos x="461" y="15"></pos>
	<over x="+0" y="+1400"></over>	
	<selected x="+0" y="+900"></selected>
</button>
<button action="deck 2 goto_bar 2" rightclick="deck 2 goto -1">
	<size width="22" height="6"></size>
	<pos x="488" y="15"></pos>
	<over x="+0" y="+1400"></over>	
	<selected x="+0" y="+900"></selected>
</button>
<button action="deck 2 goto_bar 3" rightclick="deck 2 goto +1">
	<size width="22" height="6"></size>
	<pos x="515" y="15"></pos>
	<over x="+0" y="+1400"></over>	
	<selected x="+0" y="+900"></selected>
</button>
<button action="deck 2 goto_bar 4" rightclick="deck 2 goto +1">
	<size width="22" height="6"></size>
	<pos x="542" y="15"></pos>
	<over x="+0" y="+1400"></over>	
	<selected x="+0" y="+900"></selected>
</button>



Active deck A & B
------------------------------------------------------------

<button action="deck 1 select">
  <size width="18" height="13"/>
  <pos x="437" y="7"/>
  <up x="+0" y="+0"/>
  <selected x="+0" y="+900" />
</button>
<button action="deck 2 select">
  <size width="18" height="13"/>
  <pos x="568" y="7"/>
  <up x="+0" y="+0"/>
  <selected x="+0" y="+900" />
</button> 

<button action="deck 2 songpos_remain 30000ms ? on blinkfast & deck 2 select : deck 2 select ">
  <size width="18" height="13"/>
  <pos x="568" y="7"/>
  <up x="+0" y="+0"/>
  <selected x="+0" y="+900" />
</button> 
<button action="deck 1 songpos_remain 30000ms ? on blinkfast & deck 1 select : deck 1 select ">
  <size width="18" height="13"/>
  <pos x="437" y="7"/>
  <up x="+0" y="+0"/>
  <selected x="+0" y="+900" />
</button> 

************************************************************
  BROWSER
************************************************************
	<browser>
		<size width="1008" height="152" />
		<pos x="8" y="437"></pos>
		<text font="Segoe" size="15"  color="#ffffff" selected="#678930" stripes="#171717"/>
		<options font="Segoe" size="13" color="#000000" over="#000000"/>
		<widgets font="Segoe" size="13" color="#ffffff"
			facecolor="#2E2E2E"
			lightcolor="#2E2E2E" 
			shadowcolor="#2E2E2E" 
			darkshadowcolor="transparent" 
			highlightcolor="transparent" 
			trackcolor1="transparent" 
			trackcolor2="transparent" />
	</browser>	
<tooltip font="Segoe" size="12" color="#FFFFFF" back="#000000" shortcut="#808080" />
--- Browser ---
<button action="page 'browser'">
	<pos x="304" y="420"/>
	<size width="98" height="16"/>
	<selected x="+0" y="+900"/>
	<over x="+0" y="+1400"/>
</button>

--- Sampler ---
<button action="page 'sampler'">
	<pos x="411" y="420"/>
	<size width="98" height="16"/>
	<selected x="+0" y="+900"/>
	<over x="+0" y="+1400"/>
</button>

--- Effects ---
<button action="page 'effects'">
	<pos x="518" y="420"/>
	<size width="98" height="16"/>
	<selected x="+0" y="+900"/>
	<over x="+0" y="+1400"/>
</button>

--- Recording ---
<button action="page 'record'">
	<pos x="625" y="420"/>
	<size width="98" height="16"/>
	<selected x="+0" y="+900"/>
	<over x="+0" y="+1400"/>
</button>
************************************************************
  STATUSBAR
************************************************************
<textzone>
	<pos x="756" y="420"/>
	<size width="260" height="16"/>
	<text font="Segoe" size="12" align="right" color="#d1d3d4" format="%status"/>
</textzone>
************************************************************
  DROPZONES
************************************************************
<dropzone chan="1">
	<size width="381" height="310"></size>
	<pos x="8" y="103"></pos>
</dropzone>
<dropzone chan="2">
	<size width="381" height="310"></size>
	<pos x="638" y="103"></pos>
</dropzone>
************************************************************
  RHYTHM WAVE
************************************************************
<rhythm pannel="Rhythm">
	<size width="940" height="45"/>
	<pos x="40" y="35"/>
	*** BLUE ***
	<chan1_active1 x="40" y="1430"/>
	<chan1_active2 x="40" y="1900"/>
	*** RED ***
	<chan2_active1 x="40" y="2036"/>
	<chan2_active2 x="40" y="930"/>
	*** OVERLAY ***
	<both_active1 x="40" y="1970"/>
	<both_active2 x="40" y="2105"/>
	
	<grid1 width="5" mainwidth="11">
		<size width="950" height="5"/>
		<pos x="40" y="85"/>
		<active1 x="40" y="1430"/>
		<active2 x="40" y="1900"/>
	</grid1>
---- GRID ------
	<grid2 width="5" mainwidth="11">
		<size width="950" height="5"/>
		<pos x="40" y="90"></pos>
		<active1 x="40" y="2036"/>
		<active2 x="40" y="930"/>
	</grid2>
---- CUE MARKERS ------	
<cue1>
	<size width="940" height="50"/>
	<pos x="40" y="26"/>
	  <down x="40" y="1430"/>
	<mask x="602" y="2195" width="13" height="14"/>
	<text dx="9" dy="0" font="ARIAL GREEK" size="12" color="#B0E0FF"/>
</cue1>
<cue2>
	<size width="940" height="50"/>
	<pos x="40" y="26"/>
	 <down x="40" y="2106"/>
	<mask x="602" y="2195" width="13" height="14"/>
	<text dx="9" dy="0" font="ARIAL GREEK" size="12" color="#FF6868"/>
</cue2>
</rhythm>	

---- ZOOM BUTTONS ------
<button action="zoom 'far'" rightclick="temporary">
	<pos x="988" y="36"/>
	<size width="17" height="14"/>
	<selected x="+0" y="+1400"/>
	<over x="+0" y="+900"/>
	<down x="+0" y="+1400"/>
</button>

<button action="zoom 'default'" rightclick="temporary">
	<pos x="988" y="52"/>
	<size width="17" height="14"/>
	<selected x="+0" y="+1400"/>
	<over x="+0" y="+900"/>
	<down x="+0" y="+1400"/>
</button>

<button action="zoom 'near'" rightclick="temporary">
	<pos x="988" y="68"/>
	<size width="17" height="14"/>
	<selected x="+0" y="+1400"/>
	<over x="+0" y="+900"/>
	<down x="+0" y="+1400"/>
</button>

ZOOM SLIDER
---------------------------
<slider action="zoom" orientation="vertical" dblclick="reset" rightclick="temporary" direction="down">
	<size width="6" height="45"/>
	<pos x="18" y="37"/>
	<fader>
		<size width="4" height="7"/>
		<pos x="511" y="2244"/>
	</fader>
</slider>

		
************************************************************
  DECK A
************************************************************
SONG POSITION 
--------------------------------------------------------------------
<songpos deck="1" orientation="horizontal" waveform="yes">
	<size width="376" height="22"/>
	<pos x="9" y="180"/>
	<up x="9" y="+0"/>
	<down x="9" y="2243"/>
	<volume x="9" y="2267"/>
	<selected x="9" y="2173"/>
	<volumeselected x="9" y="2197"/>
	<upselected x="9" y="+1400"/>
	<cues>
	  <size width="2" height="24"/>
	  <up x="615" y="2218"/>
	  <clipmask x="711" y="2946" width="6" height="24" />
	  <over x="640" y="2291"/>
	  <down x="615" y="2218"/>
	</cues>
</songpos>

Author / Title Textzone
--------------------------------------------------------------------

  <textzone chan="1">
   <size width="250" height="18" geterrormessage="true"/>
   <pos x="15" y="107"></pos>
   <text font="ARIAL GREEK" size="20" color="#FFFFFF" weight="bold" format="%Author" scroll="no"/>
   <text2 font="ARIAL GREEK" size="20" color="#FFFFFF" weight="bold" format="%Author" scroll="yes"/>
   <text3 font="ARIAL GREEK" size="20" color="#28acff" weight="bold" format="%Author" scroll="no"/>
   <text4 font="ARIAL GREEK" size="20" color="#28acff" weight="bold" format="%Author" scroll="yes"/>
  </textzone>
  <textzone chan="1">
   <size width="250" height="21" geterrormessage="true"/>
   <pos x="15" y="125"></pos>
   <text font="ARIAL GREEK" size="18" color="#d1d3d4" weight="bold" format="%Title" scroll="no"/>
   <text2 font="ARIAL GREEK" size="18" color="#d1d3d4" weight="bold" format="%Title" scroll="yes"/>
   <text3 font="ARIAL GREEK" size="18" color="#28acff" weight="bold" format="%Title" scroll="no"/>
   <text4 font="ARIAL GREEK" size="18" color="#28acff" weight="bold" format="%Title" scroll="yes"/>
  </textzone>
  
Spent / Remain / Gain / Key Textzone
-------------------------------------------------------------------- 
<textzone deck="1">
	<pos x="15" y="148"/>
	<size width="100" height="11"/>
	<text font="ARIAL GREEK" size="14" color="#908f8d" weight="bold" align="left" format="ELAPSED %Pspent"/>
	<text2 font="ARIAL GREEK" size="14" color="#FFFFFF" weight="bold" align="left" format="ELAPSED %Pspent"/>
	<text3 font="ARIAL GREEK" size="14" color="#28acff" weight="bold" align="left" format="ELAPSED %Pspent"/>
</textzone>
<textzone deck="1">
	<pos x="120" y="148"/>
	<size width="100" height="11"/>
	<text font="ARIAL GREEK" size="14" color="#908f8d"  weight="bold" align="left" format="REMAIN %Pleft"/>
	<text2 font="ARIAL GREEK" size="14" color="#FFFFFF" weight="bold" align="left" format="REMAIN %Pleft"/>
	<text3 font="ARIAL GREEK" size="14" color="#28acff" weight="bold" align="left" format="REMAIN %Pleft"/>
</textzone>
<textzone deck="1">
	<pos x="15" y="160"/>
	<size width="100" height="11"/>
	<text font="ARIAL GREEK" size="14" color="#908f8d" weight="bold" align="left" format="GAIN %PleveldB"/>
	<text2 font="ARIAL GREEK" size="14" color="#FFFFFF" weight="bold" align="left" format="GAIN %PleveldB"/>
	<text3 font="ARIAL GREEK" size="14" color="#28acff" weight="bold" align="left" format="GAIN %PleveldB"/>
</textzone>
<textzone deck="1">
	<pos x="120" y="160"/>
	<size width="50" height="11"/>
	<text font="ARIAL GREEK" size="14" color="#908f8d" weight="bold" align="left" format="KEY %Pkey"/>
	<text2 font="ARIAL GREEK" size="14" color="#FFFFFF" weight="bold" align="left" format="KEY %Pkey"/>
	<text3 font="ARIAL GREEK" size="14" color="#908f8d" weight="bold" align="left" format="KEY %Pcamelot"/>
	<text4 font="ARIAL GREEK" size="14" color="#FFFFFF" weight="bold" align="left" format="KEY %Pcamelot"/>
	<text5 font="ARIAL GREEK" size="14" color="#28acff" weight="bold" align="left" format="KEY %Pcamelot"/>
</textzone>
<textzone deck="1">
	<pos x="190" y="160"/>
	<size width="80" height="11"/>
	<text font="ARIAL GREEK" size="14" color="#908f8d" weight="bold" align="left" format="PITCH %Ppitch"/>
	<text2 font="ARIAL GREEK" size="14" color="#FFFFFF" weight="bold" align="left" format="PITCH %Ppitch"/>
	<text3 font="ARIAL GREEK" size="14" color="#28acff" weight="bold" align="left" format="PITCH %Ppitch"/>
</textzone>
  
BPM
--------------------------------------------------------------------
<button action="deck 1 beat_tap" rightclick="deck 1 edit_bpm">
	<pos x="350" y="115"/>
	<size width="30" height="15"/>
	<up x="+0" y="+0"/>
	<down x="+0" y="+900"/>
	<over x="+0" y="+1400"/>
</button>
<textzone deck="1">
	<pos x="282" y="110"/>
	<size width="60" height="18"/>
	<text font="ARIAL GREEK" size="22" color="#FFFFFF" align="center" weight="bold" format="%Pbpmex"/>
	<text2 font="ARIAL GREEK" size="22" color="#28acff" align="center" weight="bold" format="%Pbpmex"/>
	<text3 font="ARIAL GREEK" size="22" color="#908f8d" align="center" weight="bold" format="%Pbpmex"/>
</textzone>

Play_Stutter Deck A
------------------------------------------------------------
<button action="deck 1 play_button" rightclick=" deck 1 reverse while_pressed">
	<pos x="250" y="380 x"></pos>
	<size width="39" height="23"></size>
	<selected x="250" y="+900"></selected>
	<over x="250" y="+1400"></over>
	<down x="249" y="+899"></down>
</button>
--- Smart Play ---

<button action="deck 1 smart_play">
	<pos x="277" y="364"/>
	<size width="8" height="10"/>
	<selected x="277" y="+900"/>
	<over x="277" y="+1400"/>
	<down x="277" y="+900"/>
</button>			

Pause_Stop Deck A
--------------------------------------------------------------------
<button action="deck 1 pause_stop" rightclick="holding 500ms ?  deck 1 unload :  deck 1 goto_first_beat">
	<pos x="212" y="380 x"></pos>
	<size width="36" height="23"></size>
	<selected x="212" y="+900"></selected>
	<over x="212" y="+1400"></over>
	<down x="211" y="+899"></down>
</button>

Cue Deck A
-------------------------------------------------------------------
<button action="deck 1 cue_stop" rightclick="deck 1 set_cue">
	<pos x="174" y="380 x"></pos>
	<size width="36" height="23"></size>
	<selected x="+0" y="+900"></selected>
	<over x="+0" y="+1400"></over>
	<down x="-1" y="+899"></down>
</button>

HotCue Deck A
-------------------------------------------------------------------
<button action="deck 1 smart_cue">
	<pos x="271" y="157"/>
	<size width="8" height="10"/>
	<selected x="+0" y="+900"/>
	<over x="+0" y="+1400"/>
	<down x="+0" y="+900"/>
</button>
<button action="deck 1 hot_cue 1" rightclick="deck 1 set_cue 1" >
	<pos x="285" y="152"/>
	<size width="28" height="19"/>
	<selected x="+0" y="+900"/>
	<over x="+0" y="+1400"/>
	<down x="-1" y="+899"/>
</button>
<button action="deck 1 hot_cue 2" rightclick="deck 1 set_cue 2" >
	<pos x="315" y="152"/>
	<size width="31" height="19"/>
	<selected x="+0" y="+900"/>
	<over x="+0" y="+1400"/>
	<down x="-1" y="+899"/>
</button>
<button action="deck 1 hot_cue 3" rightclick="deck 1 set_cue 3" >
	<pos x="348" y="152"/>
	<size width="29" height="19"/>
	<selected x="+0" y="+900"/>
	<over x="+0" y="+1400"/>
	<down x="-1" y="+899"/>
</button>

Sync Deck A
-------------------------------------------------------------------
<button action="deck 1 sync" rightclick="deck 1 sync while_pressed">
	<pos x="291" y="380 x"></pos>
	<size width="36" height="23"></size>
	<over x="291" y="+1400"></over>
	<down x="290" y="+899"></down>
</button>

Pitch Deck A
-------------------------------------------------------------------
<slider action="deck 1 pitch" orientation="vertical" direction="down" dblclick="deck 1 pitch 100%" rightclick="temporary" >
	<size width="24" height="124"/>
	<pos x="346" y="242"/>
	<fader>
		<size width="24" height="9"/>
		<pos x="344" y="1198"/>
	</fader>
	<reset value="50"/>
</slider>
<button action="deck 1 pitch_bend -5% 500ms" rightclick="deck 1 pitch_bend -5% 500ms">
	<pos x="336" y="386"/>
  <size width="20" height="17"/>
  <over x="+0" y="+1400"/>
  <down x="+0" y="+900"/>
</button>
<button action="deck 1 pitch_bend +5% 500ms" rightclick="deck 1 pitch_bend +5% 500ms">
	<pos x="359" y="386"/>
  <size width="20" height="17"/>
  <over x="+0" y="+1400"/>
  <down x="+0" y="+900"/>
</button>
--- Pitch Reset ---
<button action="deck 1 pitch_reset" dblclick="deck 1 pitch 100%" rightclick="deck 1 pitch 100%">
	<pos x="373" y="298"/>
	<size width="11" height="10"/>
	<selected x="+0" y="+900"/>
	<over x="+0" y="+1400"/>
	<down x="-1" y="+899"/>
</button>
--- Pitch Lock ---
<button action="pitchlock" dblclick="reset" rightclick="reset">
	<pos x="327" y="298"/>
	<size width="8" height="9"/>
	<selected x="+0" y="+900"/>
	<over x="+0" y="+1400"/>
	<down x="+0" y="+900"/>
</button>
--- Key Lock ---
<button action="deck 1 key_lock">
	<pos x="374" y="212"/>
	<size width="8" height="10"/>
	<selected x="+0" y="+900"/>
	<over x="+0" y="+1400"/>
	<down x="+0" y="+900"/>
</button>
--- Pitch Range ---
<textzone>
	<size width="25" height="9"/>
	<pos x="346" y="225"/>
	<text font="ARIAL GREEK" size="11" color="#999999" weight="bold" align="center" format="%pitchrange%%"/>
</textzone>
<button action="pitch_range" value="-1" rightclick="-2">
	<pos x="346" y="225"/>
	<size width="25" height="9"/>>
</button>


Loop In Out Deck A
-------------------------------------------------------------------
<button action="deck 1 loop_in" rightclick="deck 1 reloop">
	<pos x="42" y="380"/>
	<size width="36" height="23"/>
	<selected x="+0" y="+900"/>
	<over x="+0" y="+1400"/>
	<down x="-1" y="+899"/>
</button>
<button action="deck 1 loop_out" rightclick="deck 1 loop_half">
	<pos x="80" y="380"/>
	<size width="39" height="23"/>
	<selected x="+0" y="+900"></selected>
	<over x="+0" y="+1400"></over>
	<down x="-1" y="+899"/>
</button>
--- Loop 50% ---
<button action="deck 1 loop_half" >
	<pos x="39" y="352"/>
	<size width="20" height="17"/>
	<down x="+0" y="+900"/>
	<over x="+0" y="+1400"/>
	<selected x="+0" y="+900"/>
</button>
--- Loop 200% ---
<button action="deck 1 loop_double">
	<pos x="102" y="352"/>
	<size width="20" height="17"/>
	<down x="+0" y="+900"/>
	<over x="+0" y="+1400"/>
	<selected x="+0" y="+900"/>
</button>
--- Smart Loop ---
<button action="deck 1 smart_loop">
	<pos x="137" y="388"/>
	<size width="10" height="12"/>
	<selected x="+0" y="+900"/>
	<over x="+0" y="+1400"></over>
</button>
--- Loop Dropdown---
<button action="deck 1 loop" chan="2" rightclick="temporary">
	<pos x="61" y="351"/>
	<size width="39" height="17"/>
	<up x="8" y="2331"/>
	<over x="8" y="2312" /> 
	<selected x="8" y="2292" /> 
	<text dx="3" dy="4" width="20" font="ARIAL GREEK" size="12" color="#ffffff" align="center" format="%loop" scroll="yes"/>	
</button>		
--- Select from Loop dropdown ---
<button action="deck 1 loop_select">
	<pos x="84" y="351"/>
	<size width="16" height="17"/>
</button>
--- Loop Shift ---
<slider action="deck 1 loop_move" relative="yes" orientation="round">
	<pos x="131" y="351"/>
		<size width="20" height="20"/>
		<up x="+0" y="+900" />
		<clipmask x="401" y="2220"/>
 	<fader>
		<size width="20" height="20"/>
		<mask x="402" y="2179" />
		<pos x="400" y="2243" />
	</fader>
</slider>


SAMPLER DECK A 
--------------------------------------------------------------------
<button action="deck 1 sampler play_stop" rightclick="temporary">
	<pos x="17" y="280"/>
	<size width="82" height="17"/>
	<selected x="417" y="3014"/>
	<over x="417" y="3038"/>
	<up x="417" y="2838"/>
	<down x="417" y="3014"/>
	<clipmask x="417" y="2971"/>
	<size width="60" height="13"/>
	<text dx="3" dy="2" width="60" font="ARIAL GREEK" size="12" color="#ffffff" align="center" format="%mainsample" scroll="yes"/>
</button>	
--- Sampler dropdown ---
<button action="deck 1 sampler select" rightclick="sampler options">
	<pos x="82" y="280"/>
	<size width="17" height="17"/>
</button>
--- Sampler visual indicator ---
<visual chan="1" type="linear" source="deck 1 sampler position" orientation="horizontal">
	<pos x="19" y="312"/>
	<size width="78" height="7"/>
	<down x="+0" y="+900"/>
</visual>
--- Sampler Volume ---
<slider action="deck 1 sampler volume" orientation="round" dblclick="reset" rightclick="temporary">
	<pos x="105" y="278"/>
		<size width="20" height="20"/>
			<clipmask x="401" y="2220"/>
	<fader anglemin="-160" anglemax="+160">
		<size width="20" height="20"/>
		<mask x="402" y="2179" />
		<pos x="400" y="2243" />
	</fader>
</slider>
--- Sampler half double ---
<button action="deck 1 sampler loop 50%" rightclick="sampler loop on">
	<pos x="104" y="304"/>
  <size width="20" height="17"/>
  <over x="+0" y="+1400"/>
  <down x="+0" y="+900"/>
</button>
<button action="deck 1 sampler loop 150%" rightclick="sampler loop on">
	<pos x="131" y="304"/>
  <size width="20" height="17"/>
  <over x="+0" y="+1400"/>
  <down x="+0" y="+900"/>
</button>
--- Sampler record ---
<button action="deck 1 sampler rec">
	<pos x="131" y="278"/>
	<size width="21" height="19"/>
	<selected x="+0" y="+900"/>
	<over x="+0" y="+1400"/>
	<down x="-1" y="+899"/>
</button>


EFFECTS DECK A 
--------------------------------------------------------------------

<button action="deck 1 effect active" rightclick="temporary">
	<pos x="17" y="234"/>
	<size width="82" height="17"/>
	<selected x="417" y="3074"/>
	<over x="417" y="3098"/>
	<up x="417" y="2838"/>
	<down x="417" y="3074"/>
	<size width="60" height="13"/>
	<clipmask x="417" y="2971"/>
	<text dx="3" dy="2" width="60" font="ARIAL GREEK" size="12" color="#ffffff" align="center" format="%maineffect" scroll="yes"/>
</button>	
--- Effect dropdown ---
<button action="deck 1 effect select">
	<pos x="82" y="234"/>
	<size width="17" height="17"/>
</button>
--- Effect params ---
<slider action="deck 1 effect slider 1" orientation="round">
	<pos x="106" y="232"/>
		<size width="20" height="20"/>
		<clipmask x="401" y="2220"/>
	<fader anglemin="-160" anglemax="+160">
		<size width="20" height="20"/>
		<mask x="402" y="2179" />
		<pos x="400" y="2243" />
	</fader>
</slider>
<slider action="deck 1 effect slider 2" orientation="round">
	<pos x="133" y="232"/>
		<size width="20" height="20"/>
		<clipmask x="401" y="2220"/>
	<fader anglemin="-160" anglemax="+160">
		<size width="20" height="20"/>
		<mask x="402" y="2179" />
		<pos x="400" y="2243" />
	</fader>
</slider>



************************************************************
  DECK B
************************************************************
SONG POSITION 
--------------------------------------------------------------------

<songpos deck="2" orientation="horizontal" waveform="yes">
	<size width="376" height="22"/>
	<pos x="638" y="180"/>
	<up x="638" y="+0"/>
	<down x="638" y="2243"/>
	<volume x="638" y="2267"/>
	<selected x="638" y="2173"/>
	<volumeselected x="638" y="2197"/>
	<upselected x="638" y="+1400"/>
	<cues>
	  <size width="2" height="24"/>
	  <up x="615" y="2218"/>
	  <clipmask x="711" y="2946" width="6" height="24" />
	  <over x="640" y="2291"/>
	  <down x="615" y="2218"/>
	</cues>
</songpos>


Author / Title Textzone
--------------------------------------------------------------------

  <textzone chan="2">
   <size width="250" height="18" geterrormessage="true"/>
   <pos x="645" y="107"></pos>
   <text font="ARIAL GREEK" size="20" color="#FFFFFF" weight="bold" format="%Author" scroll="no"/>
   <text2 font="ARIAL GREEK" size="20" color="#FFFFFF" weight="bold" format="%Author" scroll="yes"/>
   <text3 font="ARIAL GREEK" size="20" color="#ed1c24" weight="bold" format="%Author" scroll="no"/>
   <text4 font="ARIAL GREEK" size="20" color="#ed1c24" weight="bold" format="%Author" scroll="yes"/>
  </textzone>
  <textzone chan="2">
   <size width="250" height="21" geterrormessage="true"/>
   <pos x="645" y="125"></pos>
   <text font="ARIAL GREEK" size="18" color="#d1d3d4" weight="bold" format="%Title" scroll="no"/>
   <text2 font="ARIAL GREEK" size="18" color="#d1d3d4" weight="bold" format="%Title" scroll="yes"/>
   <text3 font="ARIAL GREEK" size="18" color="#ed1c24" weight="bold" format="%Title" scroll="no"/>
   <text4 font="ARIAL GREEK" size="18" color="#ed1c24" weight="bold" format="%Title" scroll="yes"/>
  </textzone>
  
  
Spent / Remain / Gain / Key Textzone
-------------------------------------------------------------------- 
<textzone deck="2">
	<pos x="645" y="148"/>
	<size width="100" height="11"/>
	<text font="ARIAL GREEK" size="14" color="#908f8d" weight="bold" align="left" format="ELAPSED %Pspent"/>
	<text2 font="ARIAL GREEK" size="14" color="#FFFFFF" weight="bold" align="left" format="ELAPSED %Pspent"/>
	<text3 font="ARIAL GREEK" size="14" color="#ed1c24" weight="bold" align="left" format="ELAPSED %Pspent"/>
</textzone>
<textzone deck="2">
	<pos x="750" y="148"/>
	<size width="100" height="11"/>
	<text font="ARIAL GREEK" size="14" color="#908f8d" weight="bold" align="left" format="REMAIN %Pleft"/>
	<text2 font="ARIAL GREEK" size="14" color="#FFFFFF" weight="bold" align="left" format="REMAIN %Pleft"/>
	<text3 font="ARIAL GREEK" size="14" color="#ed1c24" weight="bold" align="left" format="REMAIN %Pleft"/>
</textzone>
<textzone deck="2">
	<pos x="645" y="160"/>
	<size width="100" height="11"/>
	<text font="ARIAL GREEK" size="14" color="#908f8d" weight="bold" align="left" format="GAIN %PleveldB"/>
	<text2 font="ARIAL GREEK" size="14" color="#FFFFFF" weight="bold" align="left" format="GAIN %PleveldB"/>
	<text3 font="ARIAL GREEK" size="14" color="#ed1c24" weight="bold" align="left" format="GAIN %PleveldB"/>
</textzone>
<textzone deck="2">
	<pos x="750" y="160"/>
	<size width="50" height="11"/>
	<text font="ARIAL GREEK" size="14" color="#908f8d" weight="bold" align="left" format="KEY %Pkey"/>
	<text2 font="ARIAL GREEK" size="14" color="#FFFFFF" weight="bold" align="left" format="KEY %Pkey"/>
	<text3 font="ARIAL GREEK" size="14" color="#908f8d" weight="bold" align="left" format="KEY %Pcamelot"/>
	<text4 font="ARIAL GREEK" size="14" color="#FFFFFF" weight="bold" align="left" format="KEY %Pcamelot"/>
	<text5 font="ARIAL GREEK" size="14" color="#ed1c24" weight="bold" align="left" format="KEY %Pcamelot"/>
</textzone>  
<textzone deck="2">
	<pos x="820" y="160"/>
	<size width="80" height="11"/>
	<text font="ARIAL GREEK" size="14" color="#908f8d" weight="bold" align="left" format="PITCH %Ppitch"/>
	<text2 font="ARIAL GREEK" size="14" color="#FFFFFF" weight="bold" align="left" format="PITCH %Ppitch"/>
	<text3 font="ARIAL GREEK" size="14" color="#ed1c24" weight="bold" align="left" format="PITCH %Ppitch"/>
</textzone>

BPM
--------------------------------------------------------------------
<button action="deck 2 beat_tap" rightclick="deck 2 edit_bpm">
	<pos x="980" y="115"/>
	<size width="30" height="15"/>
	<up x="+0" y="+0"/>
	<down x="+0" y="+900"/>
	<over x="+0" y="+1400"/>
</button>
<textzone deck="2">
	<pos x="912" y="110"/>
	<size width="60" height="18"/>
	<text font="ARIAL GREEK" size="22" color="#FFFFFF" align="center" weight="bold" format="%Pbpmex"/>
	<text2 font="ARIAL GREEK" size="22" color="#ed1c24" align="center" weight="bold" format="%Pbpmex"/>
	<text3 font="ARIAL GREEK" size="22" color="#908f8d" align="center" weight="bold" format="%Pbpmex"/>
</textzone>

Play_Stutter Deck B
------------------------------------------------------------
<button action="deck 2 play_button" rightclick=" deck 2 reverse while_pressed">
	<pos x="721" y="380 x"></pos>
	<size width="39" height="23"></size>
	<selected x="721" y="+900"></selected>
	<over x="721" y="+1400"></over>
	<down x="720" y="+899"></down>
</button>
--- Smart Play ---
<button action="deck 2 smart_play">
	<pos x="748" y="364"/>
	<size width="8" height="10"/>
	<selected x="277" y="+900"/>
	<over x="277" y="+1400"/>
	<down x="277" y="+900"/>
</button>	

Pause_Stop Deck B
--------------------------------------------------------------------
<button action="deck 2 pause_stop" rightclick="holding 500ms ?  deck 2 unload :  deck 2 goto_first_beat">
	<pos x="683" y="380 x"></pos>
	<size width="36" height="23"></size>
	<selected x="683" y="+900"></selected>
	<over x="683" y="+1400"></over>
	<down x="682" y="+899"></down>
</button>

Cue Deck B
-------------------------------------------------------------------
<button action="deck 2 cue_stop" rightclick="deck 2 set_cue">
	<pos x="646" y="380 x"></pos>
	<size width="36" height="23"></size>
	<selected x="+0" y="+900"></selected>
	<over x="+0" y="+1400"></over>
	<down x="-1" y="+899"></down>
</button>
HotCue Deck B
-------------------------------------------------------------------
<button action="deck 2 smart_cue">
	<pos x="901" y="157"/>
	<size width="8" height="10"/>
	<selected x="+0" y="+900"/>
	<over x="+0" y="+1400"/>
	<down x="+0" y="+900"/>
</button>
<button action="deck 2 hot_cue 1" rightclick="deck 2 set_cue 1" >
	<pos x="915" y="152"/>
	<size width="28" height="19"/>
	<selected x="+0" y="+900"/>
	<over x="+0" y="+1400"/>
	<down x="-1" y="+899"/>
</button>
<button action="deck 2 hot_cue 2" rightclick="deck 2 set_cue 2" >
	<pos x="945" y="152"/>
	<size width="31" height="19"/>
	<selected x="+0" y="+900"/>
	<over x="+0" y="+1400"/>
	<down x="-1" y="+899"/>
</button>
<button action="deck 2 hot_cue 3" rightclick="deck 2 set_cue 3" >
	<pos x="978" y="152"/>
	<size width="29" height="19"/>
	<selected x="+0" y="+900"/>
	<over x="+0" y="+1400"/>
	<down x="-1" y="+899"/>
</button>

Sync Deck B
-------------------------------------------------------------------
<button action="deck 2 sync" rightclick="deck 2 sync while_pressed">
	<pos x="762" y="380 x"></pos>
	<size width="36" height="23"></size>
	<over x="762" y="+1400"></over>
	<down x="761" y="+899"></down>
</button>

Pitch Deck B
-------------------------------------------------------------------
<slider action="deck 2 pitch" orientation="vertical" direction="down" dblclick="deck 2 pitch 100%" rightclick="temporary" >
	<size width="24" height="124"/>
	<pos x="816" y="242"/>
	<fader>
		<size width="24" height="9"/>
		<pos x="344" y="1198"/>
	</fader>
	<reset value="50"/>
</slider>
<button action="deck 2 pitch_bend -5% 500ms" rightclick="deck 2 pitch_bend -5% 500ms">
	<pos x="807" y="386"/>
  <size width="20" height="17"/>
  <over x="+0" y="+1400"/>
  <down x="+0" y="+900"/>
</button>
<button action="deck 2 pitch_bend +5% 500ms" rightclick="deck 2 pitch_bend +5% 500ms">
	<pos x="829" y="386"/>
  <size width="20" height="17"/>
  <over x="+0" y="+1400"/>
  <down x="+0" y="+900"/>>
</button>
--- Pitch Reset ---
<button action="deck 2 pitch_reset" dblclick="deck 2 pitch 100%" rightclick="deck 2 pitch 100%">
	<pos x="845" y="298"/>
	<size width="11" height="10"/>
	<selected x="+0" y="+900"/>
	<over x="+0" y="+1400"/>
	<down x="-1" y="+899"/>
</button>
--- Pitch Lock ---
<button action="pitchlock" dblclick="reset" rightclick="reset">
	<pos x="798" y="298"/>
	<size width="8" height="9"/>
	<selected x="+0" y="+900"/>
	<over x="+0" y="+1400"/>
	<down x="+0" y="+900"/>
</button>
--- Key Lock ---
<button action="deck 2 key_lock">
	<pos x="845" y="212"/>
	<size width="8" height="11"/>
	<selected x="+0" y="+900"/>
	<over x="+0" y="+1400"/>
	<down x="+0" y="+900"/>
</button>
--- Pitch Range ---
<textzone>
	<size width="25" height="9"/>
	<pos x="815" y="225"/>
	<text font="ARIAL GREEK" size="11" color="#999999" weight="bold" align="center" format="%pitchrange%%"/>
</textzone>
<button action="pitch_range" value="-1" rightclick="-2">
	<pos x="815" y="225"/>
	<size width="25" height="9"/>>
</button>

Loop In Out Deck B
-------------------------------------------------------------------
<button action="deck 2 loop_in" rightclick="deck 2 reloop">
	<pos x="898" y="380"/>
	<size width="36" height="23"/>
	<over x="+0" y="+1400"/>
	<selected x="+0" y="+900"/>
	<down x="-1" y="+899"/>
</button>
<button action="deck 2 loop_out" rightclick="deck 2 loop_half">
	<pos x="936" y="380"/>
	<size width="39" height="23"/>
	<selected x="+0" y="+900"></selected>
	<over x="+0" y="+1400"></over>
	<down x="-1" y="+899"/>
</button>
--- Loop 50% ---
<button action="deck 2 loop_half" >
	<pos x="895" y="352"/>
	<size width="20" height="17"/>
	<down x="+0" y="+900"/>
	<over x="+0" y="+1400"></over>
	<selected x="+0" y="+900"></selected>
</button>
--- Loop 200% ---
<button action="deck 2 loop_double" >
	<pos x="959" y="352"/>
	<size width="20" height="17"/>
	<down x="+0" y="+900"/>
	<over x="+0" y="+1400"></over>
	<selected x="+0" y="+900"></selected>
</button>
--- Smart Loop ---
<button action="deck 2 smart_loop">
	<pos x="993" y="388"/>
	<size width="10" height="12"/>
	<selected x="+0" y="+900"/>
	<over x="+0" y="+1400"></over>
</button>
--- Loop Dropdown---
<button action="deck 2 loop" rightclick="temporary">
	<pos x="917" y="351"/>
	<size width="39" height="17"/>
	<up x="8" y="2331"/>
	<over x="48" y="2312" /> 
	<selected x="48" y="2292" /> 
	<text dx="3" dy="4" width="20" font="ARIAL GREEK" size="12" color="#ffffff" align="center" format="%loop" scroll="yes"/>	
</button>			
--- Select from Loop dropdown ---
<button action="deck 2 loop_select">
	<pos x="940" y="351"/>
	<size width="16" height="17"/>
</button>
--- Loop Shift ---
<slider action="deck 2 loop_move" relative="yes" orientation="round">
	<pos x="987" y="351"/>
		<size width="20" height="20"/>
		<up x="+0" y="+900" />
		<clipmask x="401" y="2220"/>
 	<fader>
		<size width="20" height="20"/>
		<mask x="402" y="2179" />
		<pos x="400" y="2243" />
	</fader>
</slider>


SAMPLER DECK B 
--------------------------------------------------------------------
<button action="deck 2 sampler play_stop" rightclick="temporary">
	<pos x="873" y="280"/>
	<size width="82" height="17"/>
	<selected x="417" y="3014"/>
	<over x="417" y="3038"/>
	<up x="417" y="2838"/>
	<down x="417" y="3014"/>
	<clipmask x="417" y="2971"/>
	<size width="60" height="13"/>
	<text dx="3" dy="2" width="60" font="ARIAL GREEK" size="12" color="#ffffff" align="center" format="%mainsample" scroll="yes"/>
</button>	
--- Sampler dropdown ---
<button action="deck 2 sampler select" rightclick="sampler options">
	<pos x="937" y="280"/>
	<size width="17" height="17"/>
</button>
--- Sampler visual indicator ---
<visual chan="2" type="linear" source="deck 2 sampler position" orientation="horizontal">
	<pos x="874" y="312"/>
	<size width="78" height="7"/>
	<down x="+0" y="+900"/>
</visual>
--- Sampler Volume ---
<slider action="deck 2 sampler volume" orientation="round" dblclick="reset" rightclick="temporary">
	<pos x="961" y="278"/>
		<size width="20" height="20"/>
		<clipmask x="401" y="2220"/>
	<fader anglemin="-160" anglemax="+160">
		<size width="20" height="20"/>
		<mask x="402" y="2179" />
		<pos x="400" y="2243" />
	</fader>
</slider>
--- Sampler half double ---
<button action="deck 2 sampler loop 50%" rightclick="sampler loop on">
	<pos x="960" y="304"/>
  <size width="20" height="17"/>
  <over x="+0" y="+1400"/>
  <down x="+0" y="+900"/>
</button>
<button action="deck 2 sampler loop 150%" rightclick="sampler loop on">
	<pos x="986" y="304"/>
  <size width="20" height="17"/>
  <over x="+0" y="+1400"/>
  <down x="+0" y="+900"/>
</button>
--- Sampler record ---
<button action="deck 2 sampler rec">
	<pos x="986" y="278"/>
	<size width="22" height="19"/>
	<selected x="+0" y="+900"/>
	<over x="+0" y="+1400"/>
	<down x="-1" y="+899"/>
</button>

EFFECTS DECK B 
--------------------------------------------------------------------

<button action="deck 2 effect active" rightclick="temporary">
	<pos x="873" y="234"/>
	<size width="82" height="17"/>
	<selected x="511" y="3074"/>
	<over x="511" y="3098"/>
	<up x="511" y="2838"/>
	<down x="511" y="3074"/>
	<clipmask x="417" y="2971" />
	<size width="60" height="13"/>
	<text dx="3" dy="2" width="60" font="ARIAL GREEK" size="12" color="#ffffff" align="center" format="%maineffect" scroll="yes"/>
</button>		
--- Effect dropdown ---
<button action="deck 2 effect select">
	<pos x="936" y="234"/>
	<size width="17" height="17"/>
</button>
--- Effect params ---
<slider action="deck 2 effect slider 1" orientation="round">
	<pos x="962" y="232"/>
		<size width="20" height="20"/>
		<clipmask x="401" y="2220"/>
	<fader anglemin="-160" anglemax="+160">
		<size width="20" height="20"/>
		<mask x="402" y="2179" />
		<pos x="400" y="2243" />
	</fader>
</slider>
<slider action="deck 2 effect slider 2" orientation="round">
	<pos x="989" y="232"/>
		<size width="20" height="20"/>
		<clipmask x="401" y="2220"/>
	<down x="502" y="2244"/>
	<fader anglemin="-160" anglemax="+160">
		<size width="20" height="20"/>
		<mask x="402" y="2179" />
		<pos x="400" y="2243" />
	</fader>
</slider>


************************************************************
  DOMES & RADAR/SPINNER
************************************************************
--- Deck 1 ---
<visual type="rotation" source="deck 1 get rotation">
	<size width="137" height="137"/>
	<pos x="182" y="225"/>
	<down x="444" y="2333"/>
	<clipmask x="146" y="2333"/>
	<mask x="295" y="2333"/>
</visual>
<songpos deck="1" orientation="circle" waveform="no" >
	<circle/>
	<size width="137" height="137"/>
	<pos x="182" y="225"/>
	<volume x="+0" y="+1400"/>
	<selected x="+0" y="+900"/>
	<clipmask x="440" y="2181"/>
	<mousemask x="440" y="2181"/>
</songpos>
<scratch deck="1">
	<size width="137" height="137"/>
	<pos x="182" y="225"/>
	<mousemask x="145" y="2333"/>
</scratch>

--- Deck 2 ---
<visual type="rotation" source="deck 2 get rotation">
	<size width="137" height="137"/>
	<pos x="653" y="225"/>
	<down x="444" y="2333"/>
	<clipmask x="146" y="2333"/>
	<mask x="295" y="2333"/>
</visual>
<songpos deck="2" orientation="circle" waveform="no" >
	<circle/>
	<size width="137" height="137"/>
	<pos x="653" y="225"/>
	<volume x="+0" y="+1400"/>
	<selected x="+0" y="+900"/>
	<clipmask x="440" y="2181"/>
	<mousemask x="440" y="2181"/>
</songpos>
<scratch deck="2">
	<size width="137" height="137"/>
	<pos x="653" y="225"/>
	<mousemask x="145" y="2333"/>
</scratch>

************************************************************
 PANNELS
************************************************************
<pannel id="mixer" group="center_pannel" visible="yes">
	  <pos x="394" y="103"/>
	  <size width="237" height="307"/>
	  <down x="394" y="103"/>
</pannel>
<pannel id="video" group="center_pannel" visible="no">
	  <pos x="394" y="103"/>
	  <size width="237" height="307"/>
	  <down x="+0" y="2601"/>
</pannel>
<pannel id="scratch" group="center_pannel" visible="no">
	  <pos x="394" y="103"/>
	  <size width="237" height="307"/>
	  <down x="71" y="2601"/>
</pannel>

************************************************************
 PANNEL SELECTORS
************************************************************
--- In Mixer ---
<button pannel="mixer" action="skin_pannel 'mixer' on">
	<pos x="431" y="108"/>
	<size width="50" height="17"/>
	<selected x="751" y="2641"/>
	<over x="751" y="2678"/>
	<up x="751" y="2659"/>
</button>
<button pannel="mixer" action="skin_pannel 'video' on">
	<pos x="488" y="108"/>
	<size width="50" height="17"/>
	<selected x="808" y="2641"/>
	<over x="808" y="2678"/>
	<up x="808" y="2659"/>
</button>
<button pannel="mixer" action="skin_pannel 'scratch' on">
	<pos x="545" y="108"/>
	<size width="50" height="17"/>
	<selected x="864" y="2641"/>
	<over x="864" y="2678"/>
	<up x="864" y="2659"/>
</button>
--- In Video ---
<button pannel="video" action="skin_pannel 'mixer' on">
	<pos x="431" y="108"/>
	<size width="50" height="17"/>
	<selected x="751" y="2618"/>
	<over x="751" y="2582"/>
	<up x="751" y="2600"/>
</button>
<button pannel="video" action="skin_pannel 'video' on">
	<pos x="488" y="108"/>
	<size width="50" height="17"/>
	<selected x="808" y="2618"/>
	<over x="808" y="2582"/>
	<up x="808" y="2600"/>
</button>
<button pannel="video" action="skin_pannel 'scratch' on">
	<pos x="545" y="108"/>
	<size width="50" height="17"/>
	<selected x="864" y="2618"/>
	<over x="864" y="2582"/>
	<up x="864" y="2600"/>
</button>
--- In Scratch ---
<button pannel="scratch" action="skin_pannel 'mixer' on">
	<pos x="431" y="108"/>
	<size width="50" height="17"/>
	<selected x="751" y="2618"/>
	<over x="751" y="2582"/>
	<up x="751" y="2600"/>
</button>
<button pannel="scratch" action="skin_pannel 'video' on">
	<pos x="488" y="108"/>
	<size width="50" height="17"/>
	<selected x="808" y="2618"/>
	<over x="808" y="2582"/>
	<up x="808" y="2600"/>
</button>
<button pannel="scratch" action="skin_pannel 'scratch' on">
	<pos x="545" y="108"/>
	<size width="50" height="17"/>
	<selected x="864" y="2618"/>
	<over x="864" y="2582"/>
	<up x="864" y="2600"/>
</button>


************************************************************
  AUDIO MIXER  
************************************************************
--- Crossfader ---
<slider pannel="mixer" action="crossfader" orientation="horizontal" dblclick="crossfader 50%" rightclick="temporary">
	<pos x="452" y="365"/>
	<size width="123" height="35"/>
	<fader>
	  <pos x="506" y="1265"/>
		<size width="15" height="35"/>
	</fader>
</slider>
--- Master Volume ---
<slider pannel="nomicmaster" action="master_volume" orientation="round" dblclick="master_volume 100%" rightclick="temporary" visible="force">
	<pos x="502" y="150"/>
	<size width="20" height="20"/>
	<clipmask x="401" y="2220"/>
	<fader sensibility="200" anglemin="-160" anglemax="+160">
		<size width="20" height="20"/>
		<mask x="402" y="2179" />
		<pos x="400" y="2250" />
	</fader>
</slider>
<slider pannel="micmaster" action="master_volume" orientation="round" dblclick="master_volume 100%" rightclick="temporary" visible="force">
	<pos x="487" y="150"/>
	<size width="20" height="20"/>
	<up x="502" y="150"/>
	<over x="502" y="150"/>
	<down x="502" y="150"/>
	<clipmask x="401" y="2220"/>
	<fader anglemin="-160" anglemax="+160">
		<size width="20" height="20"/>
		<mask x="402" y="2179" />
		<pos x="400" y="2243" />
	</fader>
</slider>
--- Cue Volume ---
<slider pannel="nomicmaster" action="headphone_volume" orientation="round" dblclick="reset" rightclick="temporary" visible="force">
	<pos x="502" y="191"/>
		<size width="20" height="20"/>
		<clipmask x="401" y="2220"/>
	<fader anglemin="-160" anglemax="+160">
		<size width="20" height="20"/>
		<mask x="402" y="2179" />
		<pos x="400" y="2243" />
	</fader>
</slider>
<slider pannel="micmaster" action="headphone_volume" orientation="round" dblclick="reset" rightclick="temporary" visible="force">
	<pos x="517" y="150"/>
	<size width="20" height="20"/>
	<up x="502" y="150"/>
	<over x="502" y="150"/>
	<down x="502" y="150"/>
	<clipmask x="401" y="2220"/>
	<fader anglemin="-160" anglemax="+160">
		<size width="20" height="20"/>
		<mask x="402" y="2179" />
		<pos x="400" y="2243" />
	</fader>
</slider>
--- Gain Deck 1 ---
<slider pannel="mixer" action="deck 1 gain" orientation="round" dblclick="deck 1 gain 50%" rightclick="deck 1 match_gain">
	<pos x="443" y="150"/>
		<size width="20" height="20"/>
		<clipmask x="401" y="2220"/>
	<fader sensibility="250" anglemin="-160" anglemax="+160">
		<size width="20" height="20"/>
		<mask x="402" y="2179" />
		<pos x="400" y="2243" />
	</fader>
</slider>
--- Key Deck 1 --- NEW NEW
<slider action="deck 1 key" orientation="round" dblclick="deck 1 key 0" rightclick="deck 1 match_key">
	<pos x="311" y="216"/>
		<size width="20" height="20"/>
		<clipmask x="401" y="2220"/>
	<up x="502" y="150"/>
	<over x="502" y="150"/>
	<down x="502" y="150"/>
	<fader anglemin="-160" anglemax="+160">
		<size width="20" height="20"/>
		<mask x="402" y="2179" />
		<pos x="400" y="2243" />
	</fader>
</slider>
--- EQ Deck 1 ---
<slider pannel="mixer" action="deck 1 eq_high" orientation="round" dblclick="deck 1 eq_high 50%" rightclick="deck 1 eq_high 0% ? deck 1 eq_high 50% : deck 1 eq_high 0%">
	<pos x="443" y="202"/>
	<size width="20" height="20"/>
	<clipmask x="401" y="2220"/>
	<fader anglemin="-160" anglemax="+160">
		<size width="20" height="20"/>
		<mask x="402" y="2179" />
		<pos x="400" y="2243" />
	</fader>
</slider>
<visual pannel="mixer" source="deck 1 eq_kill_high" type="linear" orientation="horizontal">
	<pos x="442" y="189" />
	<size height="9" width="21" />
	<up x="+0" y="+1400" />
	<down x="+0" y="+900" />
	<selected x="+0" y="+900" />
</visual>

<slider pannel="mixer" action="deck 1 eq_mid" orientation="round" dblclick="deck 1 eq_mid 50%" rightclick="deck 1 eq_mid 0% ? deck 1 eq_mid 50% : deck 1 eq_mid 0%">
	<pos x="443" y="238"/>
	<size width="20" height="20"/>
	<clipmask x="401" y="2220"/>
	<fader anglemin="-160" anglemax="+160">
		<size width="20" height="20"/>
		<mask x="402" y="2179" />
		<pos x="400" y="2243" />
	</fader>
</slider>
<visual pannel="mixer" source="deck 1 eq_kill_mid" type="linear" orientation="horizontal">
	<pos x="442" y="225" />
	<size height="9" width="21" />
	<up x="+0" y="+1400" />
	<down x="+0" y="+900" />
	<selected x="+0" y="+900" />
</visual>

<slider pannel="mixer" action="deck 1 eq_low" orientation="round" dblclick="deck 1 eq_low 50%" rightclick="deck 1 eq_low 0% ? deck 1 eq_low 50% : deck 1 eq_low 0%">
	<pos x="443" y="274"/>
	<size width="20" height="20"/>
	<clipmask x="401" y="2220"/>
	<fader anglemin="-160" anglemax="+160">
		<size width="20" height="20"/>
		<mask x="402" y="2179" />
		<pos x="400" y="2243" />
	</fader>
</slider>
<visual pannel="mixer" source="deck 1 eq_kill_low" type="linear" orientation="horizontal">
	<pos x="442" y="262" />
	<size height="9" width="21" />
	<up x="+0" y="+1400" />
	<down x="+0" y="+900" />
	<selected x="+0" y="+900" />
</visual>

--- Gain Deck 2 ---
<slider pannel="mixer" action="deck 2 gain" orientation="round" dblclick="deck 2 gain 50%" rightclick="deck 2 match_gain">
	<pos x="563" y="150"/>
		<size width="20" height="20"/>
		<clipmask x="401" y="2220"/>
	<fader sensibility="250" anglemin="-160" anglemax="+160">
		<size width="20" height="20"/>
		<mask x="402" y="2179" />
		<pos x="400" y="2243" />
	</fader>
</slider>
--- Key Deck 2 ---
<slider action="deck 2 key" orientation="round" dblclick="deck 2 key 0" rightclick="deck 2 match_key">
	<pos x="782" y="216"/>
		<size width="20" height="20"/>
		<clipmask x="401" y="2220"/>
	<up x="502" y="150"/>
	<over x="502" y="150"/>
	<down x="502" y="150"/>
	<fader anglemin="-160" anglemax="+160">
		<size width="20" height="20"/>
		<mask x="402" y="2179" />
		<pos x="400" y="2243" />
	</fader>
</slider>
--- EQ Deck 2 ---
<slider pannel="mixer" action="deck 2 eq_high" orientation="round" dblclick="deck 2 eq_high 50%" rightclick="deck 2 eq_high 0% ? deck 2 eq_high 50% : deck 2 eq_high 0%">
	<pos x="564" y="202"/>
		<size width="20" height="20"/>
		<clipmask x="401" y="2220"/>
	<fader anglemin="-160" anglemax="+160">
		<size width="20" height="20"/>
		<mask x="402" y="2179" />
		<pos x="400" y="2243" />
	</fader>
</slider>
<visual pannel="mixer" source="deck 2 eq_kill_high" type="linear" orientation="horizontal">
	<pos x="564" y="189" />
	<size height="9" width="21" />
	<up x="+0" y="+1400" />
	<down x="+0" y="+900" />
	<selected x="+0" y="+900" />
</visual>

<slider pannel="mixer" action="deck 2 eq_mid" orientation="round" dblclick="deck 2 eq_mid 50%" rightclick="deck 2 eq_mid 0% ? deck 2 eq_mid 50% : deck 2 eq_mid 0%">
	<pos x="564" y="238"/>
		<size width="20" height="20"/>
		<clipmask x="401" y="2220"/>
	<fader anglemin="-160" anglemax="+160">
		<size width="20" height="20"/>
		<mask x="402" y="2179" />
		<pos x="400" y="2243" />
	</fader>
</slider>
<visual pannel="mixer" source="deck 2 eq_kill_mid" type="linear" orientation="horizontal">
	<pos x="564" y="225" />
	<size height="9" width="21" />
	<up x="+0" y="+1400" />
	<down x="+0" y="+900" />
	<selected x="+0" y="+900" />
</visual>


<slider pannel="mixer" action="deck 2 eq_low" orientation="round" dblclick="deck 2 eq_low 50%" rightclick="deck 2 eq_low 0% ? deck 2 eq_low 50% : deck 2 eq_low 0%">
	<pos x="564" y="274"/>
		<size width="20" height="20"/>
		<clipmask x="401" y="2220"/>
	<down x="502" y="2244"/>
	<fader anglemin="-160" anglemax="+160">
		<size width="20" height="20"/>
		<mask x="402" y="2179" />
		<pos x="400" y="2243" />
	</fader>
</slider>
<visual pannel="mixer" source="deck 2 eq_kill_low" type="linear" orientation="horizontal">
	<pos x="564" y="262" />
	<size height="9" width="21" />
	<up x="+0" y="+1400" />
	<down x="+0" y="+900" />
	<selected x="+0" y="+900" />
</visual>

VU-METERS
------------------------------------------------------------
<visual pannel="mixer" chan="1" source="deck 1 get level_left" type="linear" orientation="vertical" direction="up">
	<size width="10" height="122"/>
	<pos x="406" y="187"/>
	<down x="+0" y="+900"/>	
</visual>
<visual pannel="mixer" chan="1" source="deck 1 get level_right" type="linear" orientation="vertical" direction="up">
	<size width="10" height="122"/>
	<pos x="416" y="187"/>
	<down x="+0" y="+900"/>	
</visual>
<visual pannel="mixer" chan="2" source="deck 2 get level_left" type="linear" orientation="vertical" direction="up">
	<size width="10" height="122"/>
	<pos x="597" y="187"/>
	<down x="+0" y="+900"/>	
</visual>
<visual pannel="mixer" chan="2" source="deck 2 get level_right" type="linear" orientation="vertical" direction="up">
	<size width="10" height="122"/>
	<pos x="607" y="187"/>
	<down x="+0" y="+900"/>	
</visual>

Prelisten deck A & B
------------------------------------------------------------

<button pannel="mixer" action="deck 1 select">
  <size width="26" height="23"/>
  <pos x="404" y="326"/>
  <up x="+0" y="+0"/>
  <selected x="+0" y="+900" />
   <down x="+0" y="+900" />
</button>
<button pannel="mixer" action="deck 2 select">
  <size width="26" height="23"/>
  <pos x="594" y="325"/>
  <up x="+0" y="+0"/>
  <selected x="+0" y="+900" />
   <down x="+0" y="+900" />
</button>

Levels Sliders
-----------------------------------------------------------
<slider pannel="mixer" action="deck 1 level" orientation="vertical" dblclick="reset" rightclick="temporary">
	<size width="24" height="87"/>
	<pos x="482" y="237"/>
	<fader>
		<size width="24" height="7"/>
		<pos x="482" y="1147"/>
	</fader>
</slider>
<slider pannel="mixer" action="deck 2 level" orientation="vertical" dblclick="reset" rightclick="temporary">
	<size width="24" height="87"/>
	<pos x="518" y="237"/>
	<fader>
		<size width="24" height="7"/>
		<pos x="482" y="1147"/>
	</fader>
</slider>


************************************************************
  VIDEO MIXER  
************************************************************
<video pannel="video" source="master">
  <pos x="403" y="134"/>
  <size width="219" height="118"/>
  <up x="403" y="2631"/>
</video>
<video pannel="video" source="channel" chan="1">
  <pos x="403" y="257"/>
  <size width="107" height="62"/>
  <up x="403" y="2755"/>
</video>
<video pannel="video" source="channel" chan="2">
  <pos x="515" y="257"/>
  <size width="107" height="62"/>
  <up x="515" y="2755"/>
</video>
--- Video activate on main --
<button pannel="video" action="video" rightclick="video on">
  <pos x="403" y="134"/>
  <size width="219" height="118"/>
</button>
--- Video transition on previews --
<button pannel="video" action="deck 1 video_transition" dblclick="video_crossfader 0%" rightclick="video_crossfader 0% while_pressed">
  <pos x="403" y="257"/>
  <size width="107" height="62"/>
</button>
<button pannel="video" action="deck 2 video_transition" dblclick="video_crossfader 100%" rightclick="video_crossfader 100% while_pressed">
  <pos x="515" y="257"/>
  <size width="107" height="62"/>
</button>


Video FX dropdown
------------------------------------------------------------
<button pannel="video" action="video_transition" rightclick="temporary">
	<pos x="417" y="340"/>
	<size width="82" height="17"/>
	<selected x="+0" y="3014"/>
	<over x="+0" y="3038"/>
	<up x="+0" y="2838"/>
	<down x="+0" y="3014"/>
	<size width="60" height="13"/>
	<text dx="3" dy="2" width="60" font="ARIAL GREEK" size="13" color="#ffffff" align="center" format="%videotransition" scroll="yes"/>
</button>
<button pannel="video" action="video_fx" rightclick="temporary">
	<pos x="513" y="340"/>
	<size width="82" height="17"/>
	<selected x="+0" y="3014"/>
	<over x="+0" y="3038"/>
	<up x="+0" y="2838"/>
	<down x="+0" y="3014"/>
	<size width="60" height="13"/>
	<text dx="3" dy="2" width="60" font="ARIAL GREEK" size="13" color="#ffffff" align="center" format="%videofx" scroll="yes"/>
</button>
<button pannel="video" action="video_transition_select">
	<pos x="480" y="340"/>
	<size width="17" height="17"/>
</button>
<button pannel="video" action="video_fx_select">
	<pos x="577" y="340"/>
	<size width="17" height="17"/>
</button>
Video FX CTRL knob
------------------------------------------------------------
<slider pannel="video" action="video_fx_slider" orientation="round">
	<pos x="599" y="338"/>
	<size width="20" height="20"/>
	<up x="502" y="150"/>
	<over x="502" y="150"/>
	<down x="502" y="150"/>
	<clipmask x="401" y="2220"/>
	<fader anglemin="-160" anglemax="+160">
		<size width="20" height="20"/>
		<mask x="402" y="2179" />
		<pos x="400" y="2243" />
	</fader>
</slider>
Video Auto Crossfader & Linked
------------------------------------------------------------
<button pannel="video" action="video_crossfader_auto">
	<pos x="406" y="388"/>
	<size width="10" height="12"/>
	<selected x="+0" y="2940"/>
	<down x="+0" y="2886" />
	<up x="+0" y="2886" />
	<over x="+0" y="2916" />
</button>
<button pannel="video" action="video_crossfader_link">
	<pos x="610" y="390"/>
	<size width="10" height="12"/>
	<selected x="+0" y="2942"/>
	<down x="+0" y="2888" />
	<up x="+0" y="2888" />
	<over x="+0" y="2918" />
</button>
Toggle audio a& video crossfader
----------------------------------------------------------
<pannel id="crossfader_video" pannel="video" group="crossfader" visible="yes">
	<pos x="443" y="380"/>
	<size width="137" height="24"/>
</pannel>
<pannel id="crossfader_audio" pannel="video" group="crossfader" visible="no">
	<pos x="443" y="380"/>
	<size width="137" height="24"/>
</pannel>
<button pannel="crossfader_video" action="skin_pannel 'crossfader_audio' on">
	<pos x="475" y="364"/>
	<size width="75" height="10"/>
	<up x="475" y="2862"/>
	<over x="475" y="3124" />
 	<down x="475" y="2862"/>
</button>
<button pannel="crossfader_audio" action="skin_pannel 'crossfader_video' on">
	<pos x="475" y="364"/>
	<size width="75" height="10"/>
	<up x="475" y="2916"/>
	<over x="475" y="3138" />
	<down x="475" y="2916"/>
</button>



<slider pannel="crossfader_video" action="video_crossfader" orientation="horizontal" dblclick="video_crossfader 50%" rightclick="video_crossfader while_pressed">
	<pos x="443" y="380"/>
	<size width="137" height="24"/>
	<up x="443" y="2877"/>
	<down x="443" y="2877"/>
	<selected x="443" y="2877"/>
	<fader>
	  <pos x="503" y="2931"/>
	   <size width="18" height="24"/>
	</fader>
</slider>
<slider pannel="crossfader_audio" action="crossfader" orientation="horizontal" dblclick="crossfader 50%" rightclick="crossfader while_pressed">
	<pos x="443" y="380"/>
	<size width="137" height="24"/>
	<up x="443" y="2877"/>
	<down x="443" y="2877"/>
	<selected x="443" y="2877"/>
	<fader>
	  <pos x="503" y="2931"/>
	   <size width="18" height="24"/>
	</fader>
</slider>


************************************************************
  SCRATCH MIXER  
************************************************************

 <scratchwave pannel="scratch" deck="1" orientation="vertical" length="2000">
  <pos x="403" y="133"/>
  <size width="61" height="270"/>
  <down x="80" y="2929"/>
  <up x="80" y="2631"/>
 </scratchwave>
 
  <scratchwave pannel="scratch" deck="2" orientation="vertical" length="2000">
  <pos x="563" y="133"/>
  <size width="61" height="270"/>
  <down x="240" y="2929"/>
  <up x="240" y="2631"/>
 </scratchwave>

CLONE 
-------------------------------------------------------
<button pannel="scratch" action="deck 2 clone_deck" >
		<pos x="481" y="258"></pos>
		<size width="30" height="19"/>
		<down x="157" y="3061"/>
		<over x="158" y="3263"/>
		<up x="158" y="2756"/>
</button>
<button pannel="scratch" action="deck 1 clone_deck" >
		<pos x="513" y="258"></pos>
		<size width="32" height="19"/>
		<down x="189" y="3061"/>
		<over x="190" y="3263"/>
		<up x="190" y="2756"/>
</button>

GAIN 
-------------------------------------------------------
<slider pannel="scratch" action="deck 1 gain" orientation="round" dblclick="deck 1 gain 50%" rightclick="deck 1 match_gain">
	<pos x="487" y="154"/>
		<size width="26" height="26"/>
	<down x="502" y="2244"/>
	<clipmask x="401" y="2220"/>
	<fader>
		<size width="26" height="26"/>
		<pos x="6" y="2475" nb="24"/>
	</fader>
</slider>
<slider pannel="scratch" action="deck 2 gain" orientation="round" dblclick="deck 2 gain 50%" rightclick="deck 2 match_gain">
	<pos x="517" y="154"/>
		<size width="26" height="26"/>
	<down x="502" y="2244"/>
	<clipmask x="401" y="2220"/>
	<fader>
		<size width="26" height="26"/>
		<pos x="6" y="2475" nb="24"/>
	</fader>
</slider>

TIMECODE MODE 
-------------------------------------------------------
<button pannel="scratch" action="deck 1 timecode_mode smart & deck 2 timecode_mode smart">
		<pos x="480" y="207"/>
		<size width="20" height="14"/>
		<selected x="157" y="3011"/>
		<over x="157" y="3212"/>
		<up x="157" y="2705"/>
</button>
<button pannel="scratch" action="deck 1 timecode_mode relative & deck 2 timecode_mode relative">
		<pos x="500" y="207"/>
		<size width="23" height="14"/>
		<selected x="177" y="3011"/>
		<over x="177" y="3212"/>
		<up x="177" y="2705"/>
</button>
<button pannel="scratch" action="deck 1 timecode_mode absolute & deck 2 timecode_mode absolute">
		<pos x="525" y="207"/>
		<size width="20" height="14"/>
		<selected x="202" y="3011"/>
		<over x="202" y="3212"/>
		<up x="202" y="2705"/>
</button>

--- Active Timecode Deck A
<button pannel="scratch" action="deck 1 timecode_active">
		<pos x="488" y="306" />
		<size width="18" height="17" />
		<selected x="164" y="3124" />
		<down x="164" y="3124" />
		<up x="164" y="2804" />
		<over x="164" y="3325" />
</button>
<button pannel="scratch" action="deck 2 timecode_active">
		<pos x="488" y="347" />
		<size width="18" height="17" />
		<selected x="164" y="3165" />
		<down x="164" y="3165" />
		<up x="164" y="2804" />
		<over x="164" y="3366" />
</button>

----- Timecode Quality ------
<visual pannel="scratch" type="linear" source="deck 1 get timecode_quality" orientation="horizontal" direction="up">
		<size width="27" height="9" />
		<pos x="512" y="310" />
		<down x="189" y="3128" />
		<up x="189" y="2808" />
</visual>
<visual pannel="scratch" type="linear" source="deck 2 get timecode_quality" orientation="horizontal" direction="up">
		<size width="27" height="9" />
		<pos x="512" y="351" />
		<down x="189" y="3128" />
		<up x="189" y="2849" />
</visual>

----- Beatlock and SmartScratch
<button pannel="scratch" action="deck 1 smart_scratch">
	<pos x="476" y="377"/>
	<size width="8" height="10"/>
	<selected x="277" y="1263"/>
	<up x="277" y="363"/>
	<over x="277" y="1763"/>
	<down x="277" y="1263"/>
</button>
<button pannel="scratch" action="deck 1 beatlock">
	<pos x="476" y="388"/>
	<size width="8" height="10"/>
	<selected x="277" y="1263"/>
	<up x="277" y="363"/>
	<over x="277" y="1763"/>
	<down x="277" y="1263"/>
</button>
<button pannel="scratch" action="deck 2 smart_scratch">
	<pos x="544" y="377"/>
	<size width="8" height="10"/>
	<selected x="277" y="1263"/>
	<up x="277" y="363"/>
	<over x="277" y="1763"/>
	<down x="277" y="1263"/>
</button>
<button pannel="scratch" action="deck 2 beatlock">
	<pos x="544" y="388"/>
	<size width="8" height="10"/>
	<selected x="277" y="1263"/>
	<up x="277" y="363"/>
	<over x="277" y="1763"/>
	<down x="277" y="1263"/>
</button>

</Skin>


