<Skin name="VirtualDJ7 (2 Decks)" version="7" width="1440" height="900">
<copyright>- (c)2010 - Atomix Productions -</copyright>
************************************************************
  Top Part (close open config etc) 
************************************************************
<grabzone>
	<size width="1152" height="28"></size>
	<pos x="0" y="0"></pos>
</grabzone>
<logo os="pc">
  <size width="68" height="17"></size>
  <pos x="12" y="6"></pos>
</logo>
<logo os="mac">
  <size width="68" height="17"></size>
  <pos x="1352" y="6"></pos>
</logo>
<button os="pc" action="settings" visible="force">
	<size width="65" height="21"></size>
	<pos x="1186" y="0"></pos>
	<over x="+0" y="+1012"></over>	
	<selected x="+0" y="+1012"></selected>
	<down x="+0" y="+1012"></down>
		<up x="+0" y="+1575"/>
</button>

<button os="mac" action="settings" visible="force">
	<size width="55" height="19"></size>
	<pos x="119" y="5"></pos>
	<over x="+0" y="+1013"></over>	
	<selected x="+0" y="+1013"></selected>
	<up x="+0" y="+1013"></up>
	<down x="-1" y="+1012"></down>
</button>

<textzone>
	<pos x="930" y="4"/>
	<size width="90" height="20"/>
	<text font="LCD" size="22" align="center" weight="bold" color="#d1d3d4" format="%fullhour"/>
	<text2 font="LCD" size="22" align="center" weight="bold" color="#d1d3d4" format="%hour12"/>
</textzone>
<visual type="linear" source="get cpu" orientation="horizontal">
	<size width="145" height="8"/>
	<pos x="331" y="11"/>
	<down x="+0" y="+1013"/>	
</visual>

 --- Minimize ---
 <button os="pc" action="minimize">
	<pos x="1322" y="0"/>
	<size width="32" height="20"/>
	<over x="+0" y="+1012"/>
	<down x="+0" y="+1012"/>
		<up x="+0" y="+1575"/>
</button>

--- Maximize ---
<button os="pc" action="maximize" rightclick="maximize off">
	<pos x="1353" y="0"/>
	<size width="32" height="20"/>
	<over x="+0" y="+1012"/>
	<down x="+0" y="+1012"/>
		<up x="+0" y="+1575"/>
</button>

--- Close ---
<button os="pc" action="close">
	<pos x="1385" y="0"/>
	<size width="45" height="20"/>
	<over x="+0" y="+1012"/>
	<down x="+0" y="+1012"/>
	<up x="+0" y="+1575"/>
</button>

 --- Minimize ---
 <button os="mac" action="minimize" visible="force">
	<pos x="36" y="5"/>
	<size width="21" height="21"/>
	<over x="+0" y="+1013"/>
	<down x="+0" y="+1013"/>
	<up x="+0" y="+1575" />
 </button>

--- Maximize ---
<button os="mac" action="maximize" rightclick="maximize off" visible="force">
	<pos x="62" y="5"/>
	<size width="21" height="21"/>
	<over x="+0" y="+1013"/>
	<down x="+0" y="+1013"/>
		<up x="+0" y="+1575" />
</button>

--- Close ---
<button os="mac" action="close" visible="force">
	<pos x="15" y="5"/>
	<size width="21" height="21"/>
	<over x="+0" y="+1013"/>
	<down x="+0" y="+1013"/>
		<up x="+0" y="+1575" />
</button>


Microphone & Line In
-------------

Mic Record
-------------

- to show if no mic - 
<pannel id="nomicmaster" pannel="mixer" group="mastermic" visible="get hasmic ? off : on">
	<size width="88" height="95"/>
	<pos x="676" y="158"/>
	<up x="676" y="+1013"/>
	<down x="676" y="+1013"/>
</pannel>

- to show if mic - 
<pannel id="micmaster" pannel="mixer" group="mastermic" visible="get hasmic">
	<size width="88" height="95"/>
	<pos x="676" y="158"/>
	<up x="676" y="+1575"/>
	<down x="676" y="+1575"/>
</pannel>

Input Record
-------------
<pannel id="noinput"  pannel="mixer" group="input" visible="get hasinput ? off : on">
	<size width="30" height="50"/>
	<pos x="598" y="155"/>
	<up x="+0" y="+0"/>
	<down x="+0" y="+0"/>
</pannel>

<pannel id="noinput"  pannel="mixer" group="input" visible="get hasinput ? off : on">
	<size width="30" height="50"/>
	<pos x="812" y="155"/>
	<up x="+0" y="+0"/>
	<down x="+0" y="+0"/>
</pannel>


<pannel id="hasinput"  pannel="mixer" group="input" visible="get hasinput">
	<size width="30" height="50"/>
	<pos x="598" y="155"/>
		<up x="+0" y="+1013"/>
	<down x="+0" y="+1013"/>
</pannel>
<pannel id="hasinput"  pannel="mixer" group="input" visible="get hasinput">
	<size width="30" height="50"/>
	<pos x="812" y="155"/>
		<up x="598+0" y="+1013"/>
	<down x="598+0" y="+1013"/>
</pannel>


<button pannel="hasinput" action="deck 1 linein" >
	<pos x="601" y="159"/>
	<size width="22" height="19"/>
  <up x="+0" y="+1013"/>
  <over x="+214" y="+1013"/>
  <selected x="+214" y="+1013"/>
  <down x="+214" y="+1013"/>
</button>

<button pannel="hasinput" action="deck 1 linein_rec" >
	<pos x="601" y="159+21"/>
	<size width="22" height="19"/>
  <up x="+0" y="+1013"/>
  <over x="+214" y="+1013"/>
  <selected x="+214" y="+1013"/>
  <down x="+214" y="+1013"/>
</button>

+214


<button pannel="hasinput" action="deck 2 linein" >
	<pos x="601+214" y="159"/>
	<size width="22" height="19"/>
  <up x="601+0" y="+1013"/>
  <over x="601+214" y="+1013"/>
  <selected x="601+214" y="+1013"/>
  <down x="601+214" y="+1013"/>
</button>

<button pannel="hasinput" action="deck 2 linein_rec" >
	<pos x="601+214" y="159+21"/>
	<size width="22" height="19"/>
  <up x="601+0" y="+1013"/>
  <over x="601+214" y="+1013"/>
  <selected x="601+214" y="+1013"/>
  <down x="601+214" y="+1013"/>
</button>


BEATKEEPER
------------------------------------------------------------

<button action="deck 1 goto_bar 1">
	<size width="25" height="7"></size>
	<pos x="663" y="6"></pos>
	<over x="+0" y="+1575"></over>	
	<selected x="+0" y="+1013"></selected>
</button>
<button action="deck 1 goto_bar 2">
	<size width="25" height="7"></size>
	<pos x="694" y="6"></pos>
	<over x="+0" y="+1575"></over>	
	<selected x="+0" y="+1013"></selected>
</button>
<button action="deck 1 goto_bar 3">
	<size width="25" height="7"></size>
	<pos x="723" y="6"></pos>
	<over x="+0" y="+1575"></over>	
	<selected x="+0" y="+1013"></selected>
</button>
<button action="deck 1 goto_bar 4">
	<size width="25" height="7"></size>
	<pos x="755" y="6"></pos>
	<over x="+0" y="+1575"></over>	
	<selected x="+0" y="+1013"></selected>
</button>

<button action="deck 2 goto_bar 1">
	<size width="25" height="7"></size>
	<pos x="663" y="17"></pos>
	<over x="+0" y="+1575"></over>	
	<selected x="+0" y="+1013"></selected>
</button>
<button action="deck 2 goto_bar 2">
	<size width="25" height="7"></size>
	<pos x="694" y="17"></pos>
	<over x="+0" y="+1575"></over>	
	<selected x="+0" y="+1013"></selected>
</button>
<button action="deck 2 goto_bar 3">
	<size width="25" height="7"></size>
	<pos x="723" y="17"></pos>
	<over x="+0" y="+1575"></over>	
	<selected x="+0" y="+1013"></selected>
</button>
<button action="deck 2 goto_bar 4">
	<size width="25" height="7"></size>
	<pos x="755" y="17"></pos>
	<over x="+0" y="+1575"></over>	
	<selected x="+0" y="+1013"></selected>
</button>



Active deck A & B
------------------------------------------------------------

<button action="deck 1 select">
  <size width="20" height="15"/>
  <pos x="639" y="8"/>
  <up x="+0" y="+0"/>
  <selected x="+0" y="+1013" />
</button>
<button action="deck 2 select">
  <size width="20" height="15"/>
  <pos x="788" y="8"/>
  <up x="+0" y="+0"/>
  <selected x="+0" y="+1013" />
</button> 


<button action="deck 1 songpos_remain 30000ms ? on blinkfast & deck 1 select : deck 1 select ">
  <size width="20" height="15"/>
  <pos x="639" y="8"/>
  <up x="+0" y="+0"/>
  <selected x="+0" y="+1013" />
</button> 
<button action="deck 2 songpos_remain 30000ms ? on blinkfast & deck 2 select : deck 2 select ">
  <size width="20" height="15"/>
  <pos x="788" y="8"/>
  <up x="+0" y="+0"/>
  <selected x="+0" y="+1013" />
</button> 

************************************************************
  BROWSER
************************************************************
	<browser>
		<size width="1416" height="396" />
		<pos x="12" y="492"></pos>
		<text font="verdana" size="16"  color="#ffffff" selected="#678930" stripes="#171717"/>
		<options font="verdana" size="14" color="#000000" over="#000000"/>
		<widgets font="verdana" size="14" color="#ffffff"
			facecolor="#2E2E2E"
			lightcolor="#2E2E2E" 
			shadowcolor="#2E2E2E" 
			darkshadowcolor="transparent" 
			highlightcolor="transparent" 
			trackcolor1="transparent" 
			trackcolor2="transparent" />
	</browser>	
<tooltip font="verdana" size="13" color="#FFFFFF" back="#000000" shortcut="#808080" />
--- Browser ---
<button action="page 'browser'">
	<pos x="487" y="473"/>
	<size width="110" height="18"/>
	<selected x="+0" y="+1013"/>
	<over x="+0" y="+1575"/>
</button>

--- Sampler ---
<button action="page 'sampler'">
	<pos x="608" y="473"/>
	<size width="110" height="18"/>
	<selected x="+0" y="+1013"/>
	<over x="+0" y="+1575"/>
</button>

--- Effects ---
<button action="page 'effects'">
	<pos x="727" y="473"/>
	<size width="110" height="18"/>
	<selected x="+0" y="+1013"/>
	<over x="+0" y="+1575"/>
</button>

--- Recording ---
<button action="page 'record'">
	<pos x="848" y="473"/>
	<size width="110" height="18"/>
	<selected x="+0" y="+1013"/>
	<over x="+0" y="+1575"/>
</button>
************************************************************
  STATUSBAR
************************************************************
<textzone>
	<pos x="1037" y="473"/>
	<size width="390" height="18"/>
	<text font="verdana" size="13" align="right" color="#d1d3d4" format="%status"/>
</textzone>
************************************************************
  DROPZONES
************************************************************
<dropzone chan="1">
	<size width="569" height="349"></size>
	<pos x="11" y="116"></pos>
</dropzone>
<dropzone chan="2">
	<size width="569" height="349"></size>
	<pos x="862" y="116"></pos>
</dropzone>
************************************************************
  RHYTHM WAVE
************************************************************
<rhythm pannel="Rhythm">
	<size width="1346" height="51"/>
	<pos x="45" y="39"/>
	*** BLUE ***
	<chan1_active1 x="45" y="1609"/>
	<chan1_active2 x="45" y="2138"/>
	*** RED ***
	<chan2_active1 x="45" y="2291"/>
	<chan2_active2 x="45" y="1046"/>
	*** OVERLAY ***
	<both_active1 x="45" y="2216"/>
	<both_active2 x="45" y="2368"/>
	
	<grid1 width="6" mainwidth="11">
		<size width="1346" height="6"/>
		<pos x="45" y="96"/>
		<active1 x="45" y="1609"/>
		<active2 x="45" y="2138"/>
	</grid1>
---- GRID ------
	<grid2 width="6" mainwidth="11">
		<size width="1346" height="6"/>
		<pos x="45" y="101"></pos>
		<active1 x="45" y="2291"/>
		<active2 x="45" y="1046"/>
	</grid2>
---- CUE MARKERS ------	
---- CUE MARKERS ------	
<cue1>
	<size width="1346" height="56"/>
	<pos x="45" y="29"/>
	  <down x="45" y="1609"/>
	<mask x="821" y="2469" width="15" height="16"/>
	<text dx="10" dy="0" font="ARIAL GREEK" size="13" color="#B0E0FF"/>
</cue1>
<cue2>
	<size width="1346" height="56"/>
	<pos x="45" y="29"/>
	 <down x="45" y="2369"/>
	<mask x="821" y="2469" width="15" height="16"/>
	<text dx="10" dy="0" font="ARIAL GREEK" size="13" color="#FF6868"/>
</cue2>
</rhythm>	

---- ZOOM BUTTONS ------
<button action="zoom 'far'" rightclick="temporary">
	<pos x="1397" y="41"/>
	<size width="19" height="16"/>
	<selected x="+0" y="+1575"/>
	<over x="+0" y="+1013"/>
	<down x="+0" y="+1575"/>
</button>

<button action="zoom 'default'" rightclick="temporary">
	<pos x="1397" y="59"/>
	<size width="19" height="16"/>
	<selected x="+0" y="+1575"/>
	<over x="+0" y="+1013"/>
	<down x="+0" y="+1575"/>
</button>

<button action="zoom 'near'" rightclick="temporary">
	<pos x="1397" y="77"/>
	<size width="19" height="16"/>
	<selected x="+0" y="+1575"/>
	<over x="+0" y="+1013"/>
	<down x="+0" y="+1575"/>
</button>

ZOOM SLIDER
---------------------------
<slider action="zoom" orientation="vertical" dblclick="reset" rightclick="temporary" direction="down">
	<size width="7" height="51"/>
	<pos x="28" y="42"/>
	<fader>
		<size width="5" height="8"/>
		<pos x="575" y="2525"/>
	</fader>
</slider>

		
************************************************************
  DECK A
************************************************************
SONG POSITION 
--------------------------------------------------------------------
<songpos deck="1" orientation="horizontal" waveform="yes">
	<size width="566" height="25"/>
	<pos x="14" y="203"/>
	<up x="14" y="+0"/>
	<down x="14" y="2523"/>
	<volume x="14" y="2550"/>
	<selected x="14" y="2445"/>
	<volumeselected x="12" y="2472"/>
	<upselected x="14" y="+1575"/>
	<cues>
	  <size width="2" height="27"/>
	  <up x="692" y="2495"/>
	  <clipmask x="944" y="3314" width="7" height="27" />
	  <over x="867" y="2577"/>
	  <down x="692" y="2495"/>
	</cues>
</songpos>

Author / Title Textzone
--------------------------------------------------------------------

  <textzone chan="1">
   <size width="428" height="20" geterrormessage="true"/>
   <pos x="17" y="120"></pos>
   <text font="ARIAL GREEK" size="22" color="#FFFFFF" weight="bold" format="%Author" scroll="no"/>
   <text2 font="ARIAL GREEK" size="22" color="#FFFFFF" weight="bold" format="%Author" scroll="yes"/>
   <text3 font="ARIAL GREEK" size="22" color="#28acff" weight="bold" format="%Author" scroll="no"/>
   <text4 font="ARIAL GREEK" size="22" color="#28acff" weight="bold" format="%Author" scroll="yes"/>
  </textzone>
  <textzone chan="1">
   <size width="428" height="24" geterrormessage="true"/>
   <pos x="17" y="141"></pos>
   <text font="ARIAL GREEK" size="20" color="#d1d3d4" weight="bold" format="%Title" scroll="no"/>
   <text2 font="ARIAL GREEK" size="20" color="#d1d3d4" weight="bold" format="%Title" scroll="yes"/>
   <text3 font="ARIAL GREEK" size="20" color="#28acff" weight="bold" format="%Title" scroll="no"/>
   <text4 font="ARIAL GREEK" size="20" color="#28acff" weight="bold" format="%Title" scroll="yes"/>
  </textzone>
  
Spent / Remain / Gain / Key Textzone
-------------------------------------------------------------------- 
<textzone deck="1">
	<pos x="17" y="167"/>
	<size width="113" height="12"/>
	<text font="ARIAL GREEK" size="15" color="#908f8d" weight="bold" align="left" format="ELAPSED %Pspent"/>
	<text2 font="ARIAL GREEK" size="15" color="#FFFFFF" weight="bold" align="left" format="ELAPSED %Pspent"/>
	<text3 font="ARIAL GREEK" size="15" color="#28acff" weight="bold" align="left" format="ELAPSED %Pspent"/>
</textzone>
<textzone deck="1">
	<pos x="158" y="167"/>
	<size width="113" height="12"/>
	<text font="ARIAL GREEK" size="15" color="#908f8d"  weight="bold" align="left" format="REMAIN %Pleft"/>
	<text2 font="ARIAL GREEK" size="15" color="#FFFFFF" weight="bold" align="left" format="REMAIN %Pleft"/>
	<text3 font="ARIAL GREEK" size="15" color="#28acff" weight="bold" align="left" format="REMAIN %Pleft"/>
</textzone>
<textzone deck="1">
	<pos x="17" y="180"/>
	<size width="113" height="12"/>
	<text font="ARIAL GREEK" size="15" color="#908f8d" weight="bold" align="left" format="GAIN %PleveldB"/>
	<text2 font="ARIAL GREEK" size="15" color="#FFFFFF" weight="bold" align="left" format="GAIN %PleveldB"/>
	<text3 font="ARIAL GREEK" size="15" color="#28acff" weight="bold" align="left" format="GAIN %PleveldB"/>
</textzone>
<textzone deck="1">
	<pos x="158" y="180"/>
	<size width="56" height="12"/>
	<text font="ARIAL GREEK" size="15" color="#908f8d" weight="bold" align="left" format="KEY %Pkey"/>
	<text2 font="ARIAL GREEK" size="15" color="#FFFFFF" weight="bold" align="left" format="KEY %Pkey"/>
	<text3 font="ARIAL GREEK" size="15" color="#908f8d" weight="bold" align="left" format="KEY %Pcamelot"/>
	<text4 font="ARIAL GREEK" size="15" color="#FFFFFF" weight="bold" align="left" format="KEY %Pcamelot"/>
	<text5 font="ARIAL GREEK" size="15" color="#28acff" weight="bold" align="left" format="KEY %Pcamelot"/>
</textzone>
<textzone deck="1">
	<pos x="293" y="180"/>
	<size width="90" height="12"/>
	<text font="ARIAL GREEK" size="15" color="#908f8d" weight="bold" align="left" format="PITCH %Ppitch"/>
	<text2 font="ARIAL GREEK" size="15" color="#FFFFFF" weight="bold" align="left" format="PITCH %Ppitch"/>
	<text3 font="ARIAL GREEK" size="15" color="#28acff" weight="bold" align="left" format="PITCH %Ppitch"/>
</textzone>
  
BPM
--------------------------------------------------------------------
<button action="deck 1 beat_tap" rightclick="deck 1 edit_bpm">
	<pos x="538" y="129"/>
	<size width="34" height="17"/>
	<up x="+0" y="+0"/>
	<down x="+0" y="+1013"/>
</button>
<textzone deck="1">
	<pos x="461" y="124"/>
	<size width="68" height="20"/>
	<text font="ARIAL GREEK" size="24" color="#FFFFFF" align="center" weight="bold" format="%Pbpmex"/>
	<text2 font="ARIAL GREEK" size="24" color="#28acff" align="center" weight="bold" format="%Pbpmex"/>
	<text3 font="ARIAL GREEK" size="24" color="#908f8d" align="center" weight="bold" format="%Pbpmex"/>
</textzone>

Play_Stutter Deck A
------------------------------------------------------------
<button action="deck 1 play_button" rightclick=" deck 1 reverse while_pressed">
	<pos x="425" y="428"></pos>
	<size width="44" height="26"></size>
	<selected x="+0" y="+1013"></selected>
	<over x="+0" y="+1575"></over>
	<down x="-1" y="+1011"></down>
</button>
--- Smart Play ---

<button action="deck 1 smart_play">
	<pos x="456" y="410"/>
	<size width="9" height="11"/>
	<selected x="+0" y="+1013"/>
	<over x="+0" y="+1575"></over>
	<down x="+0" y="+1013"></down>
</button>			

Pause_Stop Deck A
--------------------------------------------------------------------
<button action="deck 1 pause_stop" rightclick="holding 500ms ?  deck 1 unload :  deck 1 goto_first_beat">
	<pos x="383" y="428"></pos>
	<size width="41" height="26"></size>
	<selected x="+0" y="+1013"></selected>
	<over x="+0" y="+1575"></over>
	<down x="-1" y="+1011"></down>
</button>

Cue Deck A
-------------------------------------------------------------------
<button action="deck 1 cue_stop" rightclick="deck 1 set_cue">
	<pos x="340" y="428"></pos>
	<size width="41" height="26"></size>
	<selected x="+0" y="+1013"></selected>
	<over x="+0" y="+1575"></over>
	<down x="-1" y="+1011"></down>
</button>

HotCue Deck A
-------------------------------------------------------------------
<button action="deck 1 smart_cue">
	<pos x="449" y="177"/>
	<size width="9" height="11"/>
	<selected x="+0" y="+1013"/>
	<over x="+0" y="+1575"/>
	<down x="+0" y="+1013"/>
</button>
<button action="deck 1 hot_cue 1" rightclick="deck 1 set_cue 1" >
	<pos x="465" y="171"/>
	<size width="32" height="21"/>
	<selected x="+0" y="+1013"/>
	<over x="+0" y="+1575"/>
	<down x="-1" y="+1011"/>
</button>
<button action="deck 1 hot_cue 2" rightclick="deck 1 set_cue 2" >
	<pos x="498" y="171"/>
	<size width="35" height="21"/>
	<selected x="+0" y="+1013"/>
	<over x="+0" y="+1575"/>
	<down x="-1" y="+1011"/>
</button>
<button action="deck 1 hot_cue 3" rightclick="deck 1 set_cue 3" >
	<pos x="536" y="171"/>
	<size width="33" height="21"/>
	<selected x="+0" y="+1013"/>
	<over x="+0" y="+1575"/>
	<down x="-1" y="+1011"/>
</button>

Sync Deck A
-------------------------------------------------------------------
<button action="deck 1 sync" rightclick="deck 1 sync while_pressed">
	<pos x="471" y="428"></pos>
	<size width="41" height="26"></size>
	<over x="+0" y="+1575"/>
	<down x="-1" y="+1011"/>
</button>

Pitch Deck A
-------------------------------------------------------------------
<slider action="deck 1 pitch" orientation="vertical" direction="down" dblclick="deck 1 pitch 100%" rightclick="temporary" >
	<size width="27" height="140"/>
	<pos x="533" y="272"/>
	<fader>
		<size width="27" height="10"/>
		<pos x="531" y="1348"/>
	</fader>
	<reset value="50"/>
</slider>
<button action="deck 1 pitch_bend -5% 500ms" rightclick="deck 1 pitch_bend -5% 500ms">
	<pos x="523" y="434"/>
  <size width="23" height="19"/>
  <over x="+0" y="+1575"/>
  <down x="+0" y="+1012"/>
</button>
<button action="deck 1 pitch_bend +5% 500ms" rightclick="deck 1 pitch_bend +5% 500ms">
	<pos x="548" y="434"/>
  <size width="23" height="19"/>
  <over x="+0" y="+1575"/>
  <down x="+0" y="+1012"/>
</button>
--- Pitch Reset ---
<button action="deck 1 pitch_reset" dblclick="deck 1 pitch 100%" rightclick="deck 1 pitch 100%">
	<pos x="564" y="335"/>
	<size width="12" height="11"/>
	<selected x="+0" y="+1013"/>
	<over x="+0" y="+1575"/>
	<down x="+0" y="+1012"/>
</button>
--- Pitch Lock ---
<button action="pitchlock" dblclick="reset" rightclick="reset">
	<pos x="512" y="335"/>
	<size width="9" height="10"/>
	<selected x="+0" y="+1013"/>
	<over x="+0" y="+1575"/>
	<down x="+0" y="+1013"/>
</button>
--- Key Lock ---
<button action="deck 1 key_lock">
	<pos x="565" y="239"/>
	<size width="9" height="11"/>
	<selected x="+0" y="+1013"/>
	<over x="+0" y="+1575"/>
	<down x="+0" y="+1013"/>
</button>
--- Pitch Range ---
<textzone>
	<size width="28" height="10"/>
	<pos x="529" y="253"/>
	<text font="ARIAL GREEK" size="12" color="#999999" weight="bold" align="center" format="%pitchrange%%"/>
</textzone>
<button action="pitch_range" value="-1" rightclick="-2">
	<pos x="529" y="253"/>
	<size width="28" height="10"/>>
</button>


Loop In Out Deck A
-------------------------------------------------------------------
<button action="deck 1 loop_in" rightclick="deck 1 reloop">
	<pos x="131" y="423"/>
	<size width="41" height="26"/>
	<over x="+0" y="+1575"/>
	<selected x="+0" y="+1013"/>
	<down x="-1" y="+1011"/>
</button>
<button action="deck 1 loop_out" rightclick="deck 1 loop_half">
	<pos x="173" y="423"/>
	<size width="44" height="26"/>
	<selected x="+0" y="+1013"></selected>
	<over x="+0" y="+1575"></over>
	<down x="-1" y="+1011"/>
</button>
--- Loop 50% ---
<button action="deck 1 loop_half" >
	<pos x="70" y="387"/>
	<size width="23" height="19"/>
	<down x="+0" y="+1013"/>
	<over x="+0" y="+1575"/>
	<selected x="+0" y="+1013"/>
</button>
--- Loop 200% ---
<button action="deck 1 loop_double">
	<pos x="244" y="387"/>
	<size width="23" height="19"/>
	<down x="+0" y="+1013"/>
	<over x="+0" y="+1575"/>
	<selected x="+0" y="+1013"/>
</button>
--- Smart Loop ---
<button action="deck 1 smart_loop">
	<pos x="235" y="430"/>
	<size width="12" height="14"/>
	<selected x="+0" y="+1013"/>
	<over x="+0" y="+1575"></over>
</button>
--- Loop Shift ---
<slider action="deck 1 loop_move" relative="yes" orientation="round">
	<pos x="91" y="428"/>
		<size width="23" height="23"/>
			<clipmask x="596" y="2496"/>
			<up x="+0" y="+1013" />
	<fader>
		<size width="23" height="23"/>
		<mask x="596" y="2451" />
		<pos x="594" y="2523" />
	</fader>
</slider>

--- Quick Loop --- 
<button action="deck 1 loop 1" rightclick="temporary">
	<pos x="97" y="388"/>
	<size width="20" height="18"/>
	<selected x="+0" y="+1013"/>
	<over x="+0" y="+1575"/>
	<down x="+0" y="+1013"/>
</button>
<button action="deck 1 loop 2" rightclick="temporary">
	<pos x="122" y="388"/>
	<size width="20" height="18"/>
	<selected x="+0" y="+1013"/>
	<over x="+0" y="+1575"/>
	<down x="+0" y="+1013"/>
</button>
<button action="deck 1 loop 4" rightclick="temporary">
	<pos x="146" y="388"/>
	<size width="20" height="18"/>
	<selected x="+0" y="+1013"/>
	<over x="+0" y="+1575"/>
	<down x="+0" y="+1013"/>
</button>
<button action="deck 1 loop 8" rightclick="temporary">
	<pos x="171" y="388"/>
	<size width="20" height="18"/>
	<selected x="+0" y="+1013"/>
	<over x="+0" y="+1575"/>
	<down x="+0" y="+1013"/>
</button>
<button action="deck 1 loop 16" rightclick="temporary">
	<pos x="196" y="388"/>
	<size width="20" height="18"/>
	<selected x="+0" y="+1013"/>
	<over x="+0" y="+1575"/>
	<down x="+0" y="+1013"/>
</button>
<button action="deck 1 loop 32" rightclick="temporary">
	<pos x="221" y="388"/>
	<size width="20" height="18"/>
	<selected x="+0" y="+1013"/>
	<over x="+0" y="+1575"/>
	<down x="+0" y="+1013"/>
</button>


SAMPLER DECK A 
--------------------------------------------------------------------
<button action="deck 1 sampler play_stop" rightclick="temporary">
	<pos x="194" y="273"/>
	<size width="92" height="19"/>
	<selected x="613" y="3391"/>
	<over x="613" y="3418"/>
	<up x="613" y="3193"/>
	<down x="613" y="3391"/>
	<clipmask x="613" y="3342"/>
	<text dx="3" dy="2" width="68" font="ARIAL GREEK" size="13" color="#ffffff" align="center" format="%mainsample" scroll="yes"/>
</button>	
--- Sampler dropdown ---
<button action="deck 1 sampler select" rightclick="sampler options">
	<pos x="264" y="273"/>
	<size width="19" height="19"/>
</button>
--- Sampler visual indicator ---
<visual chan="1" type="linear" source="deck 1 sampler position" orientation="horizontal">
	<pos x="194" y="299"/>
	<size width="88" height="8"/>
	<down x="+0" y="+1013"/>
</visual>
--- Sampler Volume ---
<slider action="deck 1 sampler volume" orientation="round" dblclick="reset" rightclick="temporary">
	<pos x="296" y="272"/>
		<size width="23" height="23"/>
			<clipmask x="596" y="2496"/>
	<fader anglemin="-160" anglemax="+160">
		<size width="23" height="23"/>
		<mask x="596" y="2451" />
		<pos x="594" y="2523" />
	</fader>
</slider>
--- Sampler half double ---
<button action="deck 1 sampler loop 50%" rightclick="sampler loop on">
	<pos x="210" y="312"/>
  <size width="23" height="19"/>
  <over x="+0" y="+1575"/>
  <down x="+0" y="+1012"/>
</button>
<button action="deck 1 sampler loop 150%" rightclick="sampler loop on">
	<pos x="241" y="312"/>
  <size width="23" height="19"/>
  <over x="+0" y="+1575"/>
  <down x="+0" y="+1012"/>
</button>
--- Sampler record ---
<button action="deck 1 sampler rec">
	<pos x="295" y="309"/>
	<size width="24" height="21"/>
	<selected x="+0" y="+1013"/>
	<over x="+0" y="+1575"/>
	<down x="-1" y="+1011"/>
</button>


EFFECTS DECK A 
--------------------------------------------------------------------

<button action="deck 1 effect active" rightclick="temporary">
	<pos x="19" y="273"/>
	<size width="92" height="19"/>
	<selected x="613" y="3458"/>
	<over x="613" y="3485"/>
	<up x="613" y="3193"/>
	<down x="613" y="3458"/>
	<size width="68" height="15"/>
	<clipmask x="613" y="3342"/>
	<text dx="3" dy="2" width="68" font="ARIAL GREEK" size="13" color="#ffffff" align="center" format="%maineffect" scroll="yes"/>
</button>
		
--- Effect dropdown ---
<button action="deck 1 effect select">
	<pos x="90" y="273"/>
	<size width="19" height="19"/>
</button>

--- Effect params ---
<slider action="deck 1 effect slider 1" orientation="round">
	<pos x="122" y="271"/>
		<size width="23" height="23"/>
			<clipmask x="596" y="2496"/>
	<fader anglemin="-160" anglemax="+160">
		<size width="23" height="23"/>
		<mask x="596" y="2451" />
		<pos x="594" y="2523" />
	</fader>
</slider>
<slider action="deck 1 effect slider 2" orientation="round">
	<pos x="152" y="271"/>
		<size width="23" height="23"/>
			<clipmask x="596" y="2496"/>
	<fader anglemin="-160" anglemax="+160">
		<size width="23" height="23"/>
		<mask x="596" y="2451" />
		<pos x="594" y="2523" />
	</fader>
</slider>






************************************************************
  DOMES & RADAR/SPINNER
************************************************************
--- Deck 1 ---
<visual type="rotation" source="deck 1 get rotation">
	<size width="152" height="152"/>
	<pos x="349" y="254"/>
	<down x="644" y="2625"/>
	<clipmask x="308" y="2626"/>
	<mask x="476" y="2625"/>
</visual>
<songpos deck="1" orientation="circle" waveform="no" >
	<circle/>
	<size width="154" height="154"/>
	<pos x="349" y="253"/>
	<volume x="+0" y="+1575"/>
	<selected x="+0" y="+1013"/>
	<clipmask x="639" y="2454"/>
	<mousemask x="639" y="2454"/>
</songpos>
<scratch deck="1">
	<size width="154" height="154"/>
	<pos x="349" y="253"/>
	<mousemask x="307" y="2625"/>
</scratch>

--- Deck 2 ---
<visual type="rotation" source="deck 2 get rotation">
	<size width="152" height="152"/>
	<pos x="879" y="254"/>
	<down x="644" y="2625"/>
	<clipmask x="308" y="2626"/>
	<mask x="476" y="2625"/>
</visual>
<songpos deck="2" orientation="circle" waveform="no" >
	<circle/>
	<size width="154" height="154"/>
	<pos x="879" y="253"/>
	<volume x="+0" y="+1575"/>
	<selected x="+0" y="+1013"/>
	<clipmask x="639" y="2454"/>
	<mousemask x="639" y="2454"/>
</songpos>
<scratch deck="2">
	<size width="154" height="154"/>
	<pos x="878" y="253"/>
	<mousemask x="307" y="2625"/>
</scratch>


************************************************************
  DECK B
************************************************************
SONG POSITION 
--------------------------------------------------------------------

<songpos deck="2" orientation="horizontal" waveform="yes">
	<size width="565" height="25"/>
	<pos x="864" y="203"/>
	<up x="864" y="+0"/>
	<down x="864" y="2523"/>
	<volume x="864" y="2550"/>
	<selected x="864" y="2445"/>
	<volumeselected x="864" y="2472"/>
	<upselected x="864" y="+1575"/>
	<cues>
	  <size width="2" height="27"/>
	  <up x="836" y="2495"/>
	  <clipmask x="944" y="3314" width="7" height="27" />
	  <over x="867" y="2577"/>
	  <down x="836" y="2495"/>
	</cues>
</songpos>

Author / Title Textzone
--------------------------------------------------------------------

  <textzone chan="2">
   <size width="428" height="20" geterrormessage="true"/>
   <pos x="870" y="120"></pos>
   <text font="ARIAL GREEK" size="22" color="#FFFFFF" weight="bold" format="%Author" scroll="no"/>
   <text2 font="ARIAL GREEK" size="22" color="#FFFFFF" weight="bold" format="%Author" scroll="yes"/>
   <text3 font="ARIAL GREEK" size="22" color="#ed1c24" weight="bold" format="%Author" scroll="no"/>
   <text4 font="ARIAL GREEK" size="22" color="#ed1c24" weight="bold" format="%Author" scroll="yes"/>
  </textzone>
  <textzone chan="2">
   <size width="428" height="24" geterrormessage="true"/>
   <pos x="870" y="141"></pos>
   <text font="ARIAL GREEK" size="20" color="#d1d3d4" weight="bold" format="%Title" scroll="no"/>
   <text2 font="ARIAL GREEK" size="20" color="#d1d3d4" weight="bold" format="%Title" scroll="yes"/>
   <text3 font="ARIAL GREEK" size="20" color="#ed1c24" weight="bold" format="%Title" scroll="no"/>
   <text4 font="ARIAL GREEK" size="20" color="#ed1c24" weight="bold" format="%Title" scroll="yes"/>
  </textzone>
  
  
Spent / Remain / Gain / Key Textzone
-------------------------------------------------------------------- 
<textzone deck="2">
	<pos x="870" y="167"/>
	<size width="113" height="12"/>
	<text font="ARIAL GREEK" size="15" color="#908f8d" weight="bold" align="left" format="ELAPSED %Pspent"/>
	<text2 font="ARIAL GREEK" size="15" color="#FFFFFF" weight="bold" align="left" format="ELAPSED %Pspent"/>
	<text3 font="ARIAL GREEK" size="15" color="#ed1c24" weight="bold" align="left" format="ELAPSED %Pspent"/>
</textzone>
<textzone deck="2">
	<pos x="988" y="167"/>
	<size width="113" height="12"/>
	<text font="ARIAL GREEK" size="15" color="#908f8d" weight="bold" align="left" format="REMAIN %Pleft"/>
	<text2 font="ARIAL GREEK" size="15" color="#FFFFFF" weight="bold" align="left" format="REMAIN %Pleft"/>
	<text3 font="ARIAL GREEK" size="15" color="#ed1c24" weight="bold" align="left" format="REMAIN %Pleft"/>
</textzone>
<textzone deck="2">
	<pos x="870" y="180"/>
	<size width="113" height="12"/>
	<text font="ARIAL GREEK" size="15" color="#908f8d" weight="bold" align="left" format="GAIN %PleveldB"/>
	<text2 font="ARIAL GREEK" size="15" color="#FFFFFF" weight="bold" align="left" format="GAIN %PleveldB"/>
	<text3 font="ARIAL GREEK" size="15" color="#ed1c24" weight="bold" align="left" format="GAIN %PleveldB"/>
</textzone>
<textzone deck="2">
	<pos x="988" y="180"/>
	<size width="56" height="12"/>
	<text font="ARIAL GREEK" size="15" color="#908f8d" weight="bold" align="left" format="KEY %Pkey"/>
	<text2 font="ARIAL GREEK" size="15" color="#FFFFFF" weight="bold" align="left" format="KEY %Pkey"/>
	<text3 font="ARIAL GREEK" size="15" color="#908f8d" weight="bold" align="left" format="KEY %Pcamelot"/>
	<text4 font="ARIAL GREEK" size="15" color="#FFFFFF" weight="bold" align="left" format="KEY %Pcamelot"/>
	<text5 font="ARIAL GREEK" size="15" color="#ed1c24" weight="bold" align="left" format="KEY %Pcamelot"/>
</textzone>  
<textzone deck="2">
	<pos x="1123" y="180"/>
	<size width="90" height="12"/>
	<text font="ARIAL GREEK" size="15" color="#908f8d" weight="bold" align="left" format="PITCH %Ppitch"/>
	<text2 font="ARIAL GREEK" size="15" color="#FFFFFF" weight="bold" align="left" format="PITCH %Ppitch"/>
	<text3 font="ARIAL GREEK" size="15" color="#ed1c24" weight="bold" align="left" format="PITCH %Ppitch"/>
</textzone>

BPM
--------------------------------------------------------------------
<button action="deck 2 beat_tap" rightclick="deck 2 edit_bpm">
	<pos x="1388" y="129"/>
	<size width="34" height="17"/>
	<up x="+0" y="+0"/>
	<down x="+0" y="+1013"/>
</button>
<textzone deck="2">
	<pos x="1311" y="124"/>
	<size width="68" height="20"/>
	<text font="ARIAL GREEK" size="24" color="#FFFFFF" align="center" weight="bold" format="%Pbpmex"/>
	<text2 font="ARIAL GREEK" size="24" color="#ed1c24" align="center" weight="bold" format="%Pbpmex"/>
	<text3 font="ARIAL GREEK" size="24" color="#908f8d" align="center" weight="bold" format="%Pbpmex"/>
</textzone>

Play_Stutter Deck B
------------------------------------------------------------
<button action="deck 2 play_button" rightclick="deck 2 reverse while_pressed">
	<pos x="955" y="428"></pos>
	<size width="44" height="26"></size>
	<selected x="+0" y="+1013"></selected>
	<over x="+0" y="+1575"></over>
	<down x="-1" y="+1011"></down>
</button>
--- Smart Play ---
<button action="deck 2 smart_play">
	<pos x="986" y="410"/>
	<size width="9" height="11"/>
	<selected x="456" y="+1013"/>
	<over x="+0" y="+1575"/>
	<down x="+0" y="+1013"/>
</button>	

Pause_Stop Deck B
--------------------------------------------------------------------
<button action="deck 2 stop_button" rightclick="holding 500ms ?  deck 2 unload :  deck 2 goto_first_beat">
	<pos x="912" y="428"></pos>
	<size width="41" height="26"></size>
	<selected x="+0" y="+1013"></selected>
	<over x="+0" y="+1575"></over>
	<down x="-1" y="+1011"></down>
</button>

Cue Deck B
-------------------------------------------------------------------
<button action="deck 2 cue_button" rightclick="deck 2 set_cue">
	<pos x="871" y="428"></pos>
	<size width="41" height="26"></size>
	<selected x="+0" y="+1013"></selected>
	<over x="+0" y="+1575"></over>
	<down x="-1" y="+1011"></down>
</button>

HotCue Deck B
-------------------------------------------------------------------
<button action="deck 2 smart_cue">
	<pos x="1299" y="177"/>
	<size width="9" height="11"/>
	<selected x="+0" y="+1013"/>
	<over x="+0" y="+1575"/>
	<down x="+0" y="+1013"/>
</button>
<button action="deck 2 hot_cue 1" rightclick="deck 2 set_cue 1" >
	<pos x="1315" y="171"/>
	<size width="32" height="21"/>
	<selected x="+0" y="+1013"/>
	<over x="+0" y="+1575"/>
	<down x="-1" y="+1011"/>
</button>
<button action="deck 2 hot_cue 2" rightclick="deck 2 set_cue 2" >
	<pos x="1349" y="171"/>
	<size width="35" height="21"/>
	<selected x="+0" y="+1013"/>
	<over x="+0" y="+1575"/>
	<down x="-1" y="+1011"/>
</button>
<button action="deck 2 hot_cue 3" rightclick="deck 2 set_cue 3" >
	<pos x="1386" y="171"/>
	<size width="33" height="21"/>
	<selected x="+0" y="+1013"/>
	<over x="+0" y="+1575"/>
	<down x="-1" y="+1011"/>
</button>

Sync Deck B
-------------------------------------------------------------------
<button action="deck 2 sync" rightclick="deck 2 sync while_pressed">
	<pos x="1001" y="428"></pos>
	<size width="41" height="26"></size>
	<over x="+0" y="+1575"></over>
	<down x="-1" y="+1011"></down>
</button>

Pitch Deck B
-------------------------------------------------------------------
<slider action="deck 2 pitch" orientation="vertical" direction="down" dblclick="deck 2 pitch 100%" rightclick="temporary" >
	<size width="27" height="140"/>
	<pos x="1062" y="272"/>
	<fader>
		<size width="27" height="10"/>
		<pos x="531" y="1348"/>
	</fader>
	<reset value="50"/>
</slider>
<button action="deck 2 pitch_bend -5% 500ms" rightclick="deck 2 pitch_bend -5% 500ms">
	<pos x="1052" y="434"/>
  <size width="23" height="19"/>
  <over x="+0" y="+1575"/>
  <down x="+0" y="+1012"/>
</button>
<button action="deck 2 pitch_bend +5% 500ms" rightclick="deck 2 pitch_bend +5% 500ms">
	<pos x="1077" y="434"/>
  <size width="23" height="19"/>
  <over x="+0" y="+1575"/>
  <down x="+0" y="+1012"/>>
</button>
--- Pitch Reset ---
<button action="deck 2 pitch_reset" dblclick="deck 2 pitch 100%" rightclick="deck 2 pitch 100%">
	<pos x="1095" y="335"/>
	<size width="12" height="11"/>
	<selected x="+0" y="+1013"/>
	<over x="+0" y="+1575"/>
	<down x="+0" y="+1012"/>
</button>
--- Pitch Lock ---
<button action="pitchlock" dblclick="reset" rightclick="reset">
	<pos x="1042" y="335"/>
	<size width="9" height="10"/>
	<selected x="+0" y="+1013"/>
	<over x="+0" y="+1575"/>
	<down x="+0" y="+1013"/>
</button>
--- Key Lock ---
<button action="deck 2 key_lock">
	<pos x="1095" y="239"/>
	<size width="9" height="12"/>
	<selected x="+0" y="+1013"/>
	<over x="+0" y="+1575"/>
	<down x="+0" y="+1013"/>
</button>
--- Pitch Range ---
<textzone>
	<size width="28" height="10"/>
	<pos x="1061" y="253"/>
	<text font="ARIAL GREEK" size="12" color="#999999" weight="bold" align="center" format="%pitchrange%%"/>
</textzone>
<button action="pitch_range" value="-1" rightclick="-2">
	<pos x="1061" y="253"/>
	<size width="28" height="10"/>>
</button>

Loop In Out Deck B
-------------------------------------------------------------------
<button action="deck 2 loop_in" rightclick="deck 2 reloop">
	<pos x="1234" y="423"/>
	<size width="41" height="26"/>
	<over x="+0" y="+1575"/>
	<selected x="+0" y="+1013"/>
	<down x="-1" y="+1011"/>
</button>
<button action="deck 2 loop_out" rightclick="deck 2 loop_half">
	<pos x="1277" y="423"/>
	<size width="44" height="26"/>
	<selected x="+0" y="+1013"></selected>
	<over x="+0" y="+1575"></over>
	<down x="-1" y="+1011"/>
</button>
--- Loop 50% ---
<button action="deck 2 loop_half" >
	<pos x="1171" y="387"/>
	<size width="23" height="19"/>
	<down x="+0" y="+1013"/>
	<over x="+0" y="+1575"/>
	<selected x="+0" y="+1013"/>
</button>
--- Loop 200% ---
<button action="deck 2 loop_double">
	<pos x="1349" y="387"/>
	<size width="23" height="19"/>
	<down x="+0" y="+1013"/>
	<over x="+0" y="+1575"/>
	<selected x="+0" y="+1013"/>
</button>
--- Smart Loop ---
<button action="deck 2 smart_loop">
	<pos x="1338" y="430"/>
	<size width="12" height="14"/>
	<selected x="+0" y="+1013"/>
	<over x="+0" y="+1575"></over>
</button>
--- Loop Shift ---
<slider action="deck 2 loop_move" relative="yes" orientation="round">
	<pos x="1193" y="427"/>
		<size width="23" height="23"/>
			<clipmask x="596" y="2496"/>
			<up x="+1" y="+1013" />
	<fader>
		<size width="23" height="23"/>
		<mask x="596" y="2451" />
		<pos x="594" y="2523" />
	</fader>
</slider>

--- Quick Loop --- 
<button action="deck 2 loop 1"  rightclick="temporary">
	<pos x="1200" y="388"/>
	<size width="20" height="18"/>
	<selected x="+0" y="+1013"/>
	<over x="+0" y="+1575"/>
	<down x="+0" y="+1013"/>
</button>
<button action="deck 2 loop 2"  rightclick="temporary">
	<pos x="1225" y="388"/>
	<size width="20" height="18"/>
	<selected x="+0" y="+1013"/>
	<over x="+0" y="+1575"/>
	<down x="+0" y="+1013"/>
</button>
<button action="deck 2 loop 4"  rightclick="temporary">
	<pos x="1250" y="388"/>
	<size width="20" height="18"/>
	<selected x="+0" y="+1013"/>
	<over x="+0" y="+1575"/>
	<down x="+0" y="+1013"/>
</button>
<button action="deck 2 loop 8"  rightclick="temporary">
	<pos x="1275" y="388"/>
	<size width="20" height="18"/>
	<selected x="+0" y="+1013"/>
	<over x="+0" y="+1575"/>
	<down x="+0" y="+1013"/>
</button>
<button action="deck 2 loop 16"  rightclick="temporary">
	<pos x="1299" y="388"/>
	<size width="20" height="18"/>
	<selected x="+0" y="+1013"/>
	<over x="+0" y="+1575"/>
	<down x="+0" y="+1013"/>
</button>
<button action="deck 2 loop 32"  rightclick="temporary">
	<pos x="1324" y="388"/>
	<size width="20" height="18"/>
	<selected x="+0" y="+1013"/>
	<over x="+0" y="+1575"/>
	<down x="+0" y="+1013"/>
</button>

SAMPLER DECK B 
--------------------------------------------------------------------
<button action="deck 2 sampler play_stop" rightclick="temporary">
	<pos x="1297" y="273"/>
	<size width="92" height="19"/>
	<selected x="613" y="3391"/>
	<over x="613" y="3418"/>
	<up x="613" y="3193"/>
	<down x="613" y="3391"/>
	<clipmask x="613" y="3342"/>
	<size width="68" height="15"/>
	<text dx="3" dy="2" width="68" font="ARIAL GREEK" size="13" color="#ffffff" align="center" format="%mainsample" scroll="yes"/>
</button>	
--- Sampler dropdown ---
<button action="deck 2 sampler select" rightclick="sampler options">
	<pos x="1368" y="273"/>
	<size width="19" height="19"/>
</button>
--- Sampler visual indicator ---
<visual chan="2" type="linear" source="deck 2 sampler position" orientation="horizontal">
	<pos x="1297" y="299"/>
	<size width="88" height="8"/>
	<down x="+0" y="+1013"/>
</visual>
--- Sampler Volume ---
<slider action="deck 2 sampler volume" orientation="round" dblclick="reset" rightclick="temporary">
	<pos x="1400" y="272"/>
		<size width="23" height="23"/>
			<clipmask x="596" y="2496"/>
	<fader anglemin="-160" anglemax="+160">
		<size width="23" height="23"/>
		<mask x="596" y="2451" />
		<pos x="594" y="2523" />
	</fader>
</slider>
--- Sampler half double ---
<button action="deck 2 sampler loop 50%" rightclick="sampler loop on">
	<pos x="1315" y="312"/>
  <size width="23" height="19"/>
  <over x="+0" y="+1575"/>
  <down x="+0" y="+1012"/>
</button>
<button action="deck 2 sampler loop 150%" rightclick="sampler loop on">
	<pos x="1344" y="312"/>
  <size width="23" height="19"/>
  <over x="+0" y="+1575"/>
  <down x="+0" y="+1012"/>
</button>
--- Sampler record ---
<button action="deck 2 sampler rec">
	<pos x="1398" y="309"/>
	<size width="24" height="21"/>
	<selected x="+0" y="+1013"/>
	<over x="+0" y="+1575"/>
	<down x="-1" y="+1011"/>
</button>

EFFECTS DECK B 
--------------------------------------------------------------------

<button action="deck 2 effect active" rightclick="temporary">
	<pos x="1123" y="273"/>
	<size width="92" height="19"/>
	<selected x="721" y="3458"/>
	<over x="721" y="3485"/>
	<up x="721" y="3193"/>
	<down x="721" y="3458"/>
	<size width="68" height="15"/>
	<clipmask x="613" y="3342"/>
	<text dx="5" dy="2" width="68" font="ARIAL GREEK" size="13" color="#ffffff" align="center" format="%maineffect" scroll="yes"/>
</button>
	
--- Effect dropdown ---
<button action="deck 2 effect select">
	<pos x="1194" y="273"/>
	<size width="19" height="19"/>
</button>

--- Effect params ---
<slider action="deck 2 effect slider 1" orientation="round">
	<pos x="1225" y="271"/>
		<size width="23" height="23"/>
			<clipmask x="596" y="2496"/>
	<fader anglemin="-160" anglemax="+160">
		<size width="23" height="23"/>
		<mask x="596" y="2451" />
		<pos x="594" y="2523" />
	</fader>
</slider>
<slider action="deck 2 effect slider 2" orientation="round">
	<pos x="1256" y="271"/>
		<size width="23" height="23"/>
			<clipmask x="596" y="2496"/>
	<fader anglemin="-160" anglemax="+160">
		<size width="23" height="23"/>
		<mask x="596" y="2451" />
		<pos x="594" y="2523" />
	</fader>
</slider>



************************************************************
 PANNELS
************************************************************
<pannel id="mixer" group="center_pannel" visible="yes">
	  <pos x="587" y="116"/>
	  <size width="267" height="345"/>
	  <down x="587" y="116"/>
</pannel>
<pannel id="video" group="center_pannel" visible="no">
	  <pos x="587" y="116"/>
	  <size width="267" height="345"/>
	  <down x="+0" y="2926"/>
</pannel>
<pannel id="scratch" group="center_pannel" visible="no">
	  <pos x="587" y="116"/>
	  <size width="267" height="345"/>
	  <down x="224" y="2926"/>
</pannel>


************************************************************
 PANNEL SELECTORS
************************************************************
--- In Mixer ---
<button pannel="mixer" action="skin_pannel 'mixer' on">
	<pos x="629" y="122"/>
	<size width="56" height="19"/>
	<selected x="989" y="2971"/>
	<over x="989" y="3013"/>
	<uo x="989" y="2991"/>
</button>
<button pannel="mixer" action="skin_pannel 'video' on">
	<pos x="693" y="122"/>
	<size width="56" height="19"/>
	<selected x="1053" y="2971"/>
	<over x="1053" y="3013"/>
	<up x="1053" y="2991"/>
</button>
<button pannel="mixer" action="skin_pannel 'scratch' on">
	<pos x="757" y="122"/>
	<size width="56" height="19"/>
	<selected x="1116" y="2971"/>
	<over x="1116" y="3013"/>
	<up x="1116" y="2991"/>
</button>

--- In Video ---
<button pannel="video" action="skin_pannel 'mixer' on">
	<pos x="629" y="122"/>
	<size width="56" height="19"/>
	<selected x="989" y="2945"/>
	<over x="989" y="2905"/>
	<up x="989" y="2925"/>
</button>
<button pannel="video" action="skin_pannel 'video' on">
	<pos x="693" y="122"/>
	<size width="56" height="19"/>
	<selected x="1053" y="2945"/>
	<over x="1053" y="2905"/>
	<up x="1053" y="2925"/>
</button>
<button pannel="video" action="skin_pannel 'scratch' on">
	<pos x="757" y="122"/>
	<size width="56" height="19"/>
	<selected x="1116" y="2945"/>
	<over x="1116" y="2905"/>
	<up x="1116" y="2925"/>
</button>
--- In Scratch ---
<button pannel="scratch" action="skin_pannel 'mixer' on">
	<pos x="629" y="122"/>
	<size width="56" height="19"/>
	<selected x="989" y="2945"/>
	<over x="989" y="2905"/>
	<up x="989" y="2925"/>
</button>
<button pannel="scratch" action="skin_pannel 'video' on">
	<pos x="693" y="122"/>
	<size width="56" height="19"/>
	<selected x="1053" y="2945"/>
	<over x="1053" y="2905"/>
	<up x="1053" y="2925"/>
</button>
<button pannel="scratch" action="skin_pannel 'scratch' on">
	<pos x="757" y="122"/>
	<size width="56" height="19"/>
	<selected x="1116" y="2945"/>
	<over x="1116" y="2905"/>
	<up x="1116" y="2925"/>
</button>


************************************************************
  AUDIO MIXER  
************************************************************
--- Crossfader ---
<slider pannel="mixer" action="crossfader" orientation="horizontal" dblclick="crossfader 50%" rightclick="temporary">
	<pos x="653" y="411"/>
	<size width="138" height="39"/>
	<fader>
	  <pos x="713" y="1423"/>
		<size width="17" height="39"/>
	</fader>
</slider>
--- Master Volume ---
<slider pannel="nomicmaster" action="master_volume" orientation="round" dblclick="master_volume 100%" rightclick="temporary">
	<pos x="709" y="169"/>
	<size width="23" height="23"/>
	<clipmask x="596" y="2496"/>
	<fader anglemin="-160" anglemax="+160">
		<size width="23" height="23"/>
		<mask x="596" y="2451" />
		<pos x="594" y="2523" />
	</fader>
</slider>
<slider pannel="micmaster" action="master_volume" orientation="round" dblclick="master_volume 100%" rightclick="temporary">
	<pos x="693" y="169"/>
	<size width="23" height="23"/>
	<clipmask x="596" y="2496"/>
		<up x="709" y="169"/>
	<over x="709" y="169"/>
	<down x="709" y="169"/>
	<fader anglemin="-160" anglemax="+160">
		<size width="23" height="23"/>
		<mask x="596" y="2451" />
		<pos x="594" y="2523" />
	</fader>
</slider>
--- Cue Volume ---
<slider pannel="nomicmaster" action="headphone_volume" orientation="round" dblclick="reset" rightclick="temporary">
	<pos x="709" y="215"/>
	<size width="23" height="23"/>
	<clipmask x="596" y="2496"/>
	<fader anglemin="-160" anglemax="+160">
		<size width="23" height="23"/>
		<mask x="596" y="2451" />
		<pos x="594" y="2523" />
	</fader>
</slider>
<slider pannel="micmaster" action="headphone_volume" orientation="round" dblclick="reset" rightclick="temporary">
	<pos x="723" y="169"/>
	<size width="23" height="23"/>
	<clipmask x="596" y="2496"/>
		<up x="709" y="169"/>
	<over x="709" y="169"/>
	<down x="709" y="169"/>
	<fader anglemin="-160" anglemax="+160">
		<size width="23" height="23"/>
		<mask x="596" y="2451" />
		<pos x="594" y="2523" />
	</fader>
</slider>

Mic
---
<button pannel="micmaster" action="mic" visible="force" >
	<pos x="693" y="203"/>
	<size width="20" height="17"/>
  <over x="181" y="1018"/>
  <down x="204" y="1018"/>
  <up x="227" y="1018"/>
  <selected x="204" y="1018"/>
</button>



<slider pannel="micmaster" action="mic_volume" orientation="round">
	<pos x="723" y="198"/>
	<size width="23" height="23"/>
	<up x="709" y="169"/>
	<over x="709" y="169"/>
	<down x="709" y="169"/>
	<clipmask x="595" y="2498"/>
	<fader anglemin="-160" anglemax="+160">
		<size width="23" height="23"/>
		<mask x="596" y="2451" />
		<pos x="594" y="2523" />
	</fader>
</slider>

--- Gain Deck 1 ---
<slider pannel="mixer" action="deck 1 gain" orientation="round" dblclick="deck 1 gain 50%" rightclick="deck 1 match_gain">
	<pos x="642" y="169"/>
		<size width="23" height="23"/>
	<clipmask x="596" y="2496"/>
	<fader sensibility="250" anglemin="-160" anglemax="+160">
		<size width="23" height="23"/>
		<mask x="596" y="2451" />
		<pos x="594" y="2523" />
	</fader>
</slider>
--- Key Deck 1 ---
<slider action="deck 1 key" orientation="round" dblclick="deck 1 key 0" rightclick="deck 1 match_key">
	<pos x="136" y="317"/>
			<size width="23" height="23"/>
	<clipmask x="596" y="2496"/>
	<fader anglemin="-160" anglemax="+160">
		<size width="23" height="23"/>
		<mask x="596" y="2451" />
		<pos x="594" y="2523" />
	</fader>
</slider>
---- filter deck 1 ---
<slider action="deck 1 filter" orientation="round" dblclick="deck 1 filter 50%" >
	<pos x="69" y="317"/>
	<size width="23" height="23"/>
	<clipmask x="596" y="2496"/>
	<fader anglemin="-160" anglemax="+160">
		<size width="23" height="23"/>
		<mask x="596" y="2451" />
		<pos x="594" y="2523" />
	</fader>
</slider>
--- EQ Deck 1 ---
<slider pannel="mixer" action="deck 1 eq_high" orientation="round" dblclick="deck 1 eq_high 50%" rightclick="deck 1 eq_high 0% ? deck 1 eq_high 50% : deck 1 eq_high 0%">
	<pos x="642" y="227"/>
	<size width="23" height="23"/>
	<clipmask x="596" y="2496"/>
	<fader anglemin="-160" anglemax="+160">
		<size width="23" height="23"/>
		<mask x="596" y="2451" />
		<pos x="594" y="2523" />
	</fader>
</slider>
<visual pannel="mixer" source="deck 1 eq_kill_high" type="linear" orientation="horizontal">
	<pos x="642" y="213" />
	<size height="10" width="24" />
	<up x="+0" y="+1575" />
	<down x="+0" y="+1013" />
	<selected x="+0" y="+1013" />
</visual>

<slider pannel="mixer" action="deck 1 eq_mid" orientation="round" dblclick="deck 1 eq_mid 50%" rightclick="deck 1 eq_mid 0% ? deck 1 eq_mid 50% : deck 1 eq_mid 0%">
	<pos x="642" y="268"/>
	<size width="23" height="23"/>
	<clipmask x="596" y="2496"/>
	<fader anglemin="-160" anglemax="+160">
		<size width="23" height="23"/>
		<mask x="596" y="2451" />
		<pos x="594" y="2523" />
	</fader>
</slider>
<visual pannel="mixer" source="deck 1 eq_kill_mid" type="linear" orientation="horizontal">
	<pos x="642" y="253" />
	<size height="10" width="24" />
	<up x="+0" y="+1575" />
	<down x="+0" y="+1013" />
	<selected x="+0" y="+1013" />
</visual>

<slider pannel="mixer" action="deck 1 eq_low" orientation="round" dblclick="deck 1 eq_low 50%" rightclick="deck 1 eq_low 0% ? deck 1 eq_low 50% : deck 1 eq_low 0%">
	<pos x="642" y="308"/>
	<size width="23" height="23"/>
	<clipmask x="596" y="2496"/>
	<fader anglemin="-160" anglemax="+160">
		<size width="23" height="23"/>
		<mask x="596" y="2451" />
		<pos x="594" y="2523" />
	</fader>
</slider>
<visual pannel="mixer" source="deck 1 eq_kill_low" type="linear" orientation="horizontal">
	<pos x="642" y="295" />
	<size height="10" width="24" />
	<up x="+0" y="+1575" />
	<down x="+0" y="+1013" />
	<selected x="+0" y="+1013" />
</visual>

--- Gain Deck 2 ---
<slider pannel="mixer" action="deck 2 gain" orientation="round" dblclick="deck 2 gain 50%" rightclick="deck 2 match_gain">
	<pos x="777" y="169"/>
	<size width="23" height="23"/>
	<clipmask x="596" y="2496"/>
	<fader sensibility="250" anglemin="-160" anglemax="+160">
		<size width="23" height="23"/>
		<mask x="596" y="2451" />
		<pos x="594" y="2523" />
	</fader>
</slider>
--- Key Deck 2 ---
<slider action="deck 2 key" orientation="round" dblclick="deck 2 key 0" rightclick="deck 2 match_key">
	<pos x="1239" y="317"/>
	<size width="23" height="23"/>
	<clipmask x="596" y="2496"/>
	<fader anglemin="-160" anglemax="+160">
		<size width="23" height="23"/>
		<mask x="596" y="2451" />
		<pos x="594" y="2523" />
	</fader>
</slider>

---- filter deck 2 ---
<slider action="deck 2 filter" orientation="round" dblclick="deck 2 filter 50%" >
	<pos x="1172" y="317"/>
	<size width="23" height="23"/>
	<clipmask x="596" y="2496"/>
	<fader anglemin="-160" anglemax="+160">
		<size width="23" height="23"/>
		<mask x="596" y="2451" />
		<pos x="594" y="2523" />
	</fader>
</slider>

--- EQ Deck 2 ---
<slider pannel="mixer" action="deck 2 eq_high" orientation="round" dblclick="deck 2 eq_high 50%" rightclick="deck 2 eq_high 0% ? deck 2 eq_high 50% : deck 2 eq_high 0%">
	<pos x="779" y="227"/>
	<size width="23" height="23"/>
	<clipmask x="596" y="2496"/>
	<fader anglemin="-160" anglemax="+160">
		<size width="23" height="23"/>
		<mask x="596" y="2451" />
		<pos x="594" y="2523" />
	</fader>
</slider>	
<visual pannel="mixer" source="deck 2 eq_kill_high" type="linear" orientation="horizontal">
	<pos x="779" y="213" />
	<size height="10" width="24" />
	<up x="+0" y="+1575" />
	<down x="+0" y="+1013" />
	<selected x="+0" y="+1013" />
</visual>

<slider pannel="mixer" action="deck 2 eq_mid" orientation="round" dblclick="deck 2 eq_mid 50%" rightclick="deck 2 eq_mid 0% ? deck 2 eq_mid 50% : deck 2 eq_mid 0%">
	<pos x="779" y="268"/>
	<size width="23" height="23"/>
	<clipmask x="596" y="2496"/>
	<fader anglemin="-160" anglemax="+160">
		<size width="23" height="23"/>
		<mask x="596" y="2451" />
		<pos x="594" y="2523" />
	</fader>
</slider>
<visual pannel="mixer" source="deck 2 eq_kill_mid" type="linear" orientation="horizontal">
	<pos x="779" y="253" />
	<size height="10" width="24" />
	<up x="+0" y="+1575" />
	<down x="+0" y="+1013" />
	<selected x="+0" y="+1013" />
</visual>

<slider pannel="mixer" action="deck 2 eq_low" orientation="round" dblclick="deck 2 eq_low 50%" rightclick="deck 2 eq_low 0% ? deck 2 eq_low 50% : deck 2 eq_low 0%">
	<pos x="779" y="308"/>
	<size width="23" height="23"/>
	<clipmask x="596" y="2496"/>
	<fader anglemin="-160" anglemax="+160">
		<size width="23" height="23"/>
		<mask x="596" y="2451" />
		<pos x="594" y="2523" />
	</fader>
</slider>
<visual pannel="mixer" source="deck 2 eq_kill_low" type="linear" orientation="horizontal">
	<pos x="779" y="295" />
	<size height="10" width="24" />
	<up x="+0" y="+1575" />
	<down x="+0" y="+1013" />
	<selected x="+0" y="+1013" />
</visual>

VU-METERS
------------------------------------------------------------
<visual pannel="mixer" chan="1" source="deck 1 get level_left" type="linear" orientation="vertical" direction="up">
	<size width="11" height="137"/>
	<pos x="601" y="210"/>
	<down x="+0" y="+1013"/>	
</visual>
<visual pannel="mixer" chan="1" source="deck 1 get level_right" type="linear" orientation="vertical" direction="up">
	<size width="11" height="137"/>
	<pos x="612" y="210"/>
	<down x="+0" y="+1013"/>	
</visual>
<visual pannel="mixer" chan="2" source="deck 2 get level_left" type="linear" orientation="vertical" direction="up">
	<size width="11" height="137"/>
	<pos x="816" y="210"/>
	<down x="+0" y="+1013"/>	
</visual>
<visual pannel="mixer" chan="2" source="deck 2 get level_right" type="linear" orientation="vertical" direction="up">
	<size width="11" height="137"/>
	<pos x="827" y="210"/>
	<down x="+0" y="+1013"/>	
</visual>

Prelisten deck A & B
------------------------------------------------------------

<button pannel="mixer" action="deck 1 select">
  <size width="29" height="26"/>
  <pos x="599" y="367"/>
  <up x="+0" y="+0"/>
  <selected x="+0" y="+1013" />
   <down x="+0" y="+1013" />
</button>
<button pannel="mixer" action="deck 2 select">
  <size width="29" height="26"/>
  <pos x="812" y="366"/>
  <up x="+0" y="+0"/>
  <selected x="+0" y="+1013" />
   <down x="+0" y="+1013" />
</button>

Levels Sliders
-----------------------------------------------------------
<slider pannel="mixer" action="deck 1 level" orientation="vertical" dblclick="reset" rightclick="temporary">
	<size width="27" height="98"/>
	<pos x="686" y="267"/>
	<fader>
		<size width="27" height="8"/>
		<pos x="686" y="1290"/>
	</fader>
</slider>
<slider pannel="mixer" action="deck 2 level" orientation="vertical" dblclick="reset" rightclick="temporary">
	<size width="27" height="98"/>
	<pos x="727" y="267"/>
	<fader>
		<size width="27" height="8"/>
		<pos x="686" y="1290"/>
	</fader>
</slider>

************************************************************
  VIDEO MIXER  
************************************************************
<video pannel="video" source="master">
  <pos x="598" y="151"/>
  <size width="246" height="133"/>
  <up x="598" y="2961"/>
</video>
<video pannel="video" source="channel" chan="1">
  <pos x="598" y="290"/>
  <size width="120" height="70"/>
  <up x="598" y="3100"/>
</video>
<video pannel="video" source="channel" chan="2">
  <pos x="724" y="290"/>
  <size width="120" height="70"/>
  <up x="724" y="3100"/>
</video>
--- Video activate on main --
<button pannel="video" action="video on" rightclick="video">
  <pos x="597" y="151"/>
  <size width="246" height="133"/>
</button>
--- Video transition on previews --
<button pannel="video" action="deck 1 video_transition" dblclick="video_crossfader 0%" rightclick="video_crossfader 0% while_pressed">
  <pos x="597" y="289"/>
  <size width="120" height="70"/>
</button>
<button pannel="video" action="deck 2 video_transition" dblclick="video_crossfader 100%" rightclick="video_crossfader 100% while_pressed">
  <pos x="723" y="289"/>
  <size width="120" height="70"/>
</button>

Video FX dropdown
------------------------------------------------------------
<button pannel="video" action="video_transition" rightclick="temporary">
	<pos x="613" y="383"/>
	<size width="92" height="19"/>
	<selected x="+0" y="3391"/>
	<over x="+0" y="3418"/>
	<up x="+0" y="3193"/>
	<down x="+0" y="3391"/>
	<size width="68" height="15"/>
	<text dx="3" dy="2" width="68" font="ARIAL GREEK" size="14" color="#ffffff" align="center" format="%videotransition" scroll="yes"/>
</button>
<button pannel="video" action="video_fx" rightclick="temporary">
	<pos x="721" y="383"/>
	<size width="92" height="19"/>
	<selected x="+0" y="3391"/>
	<over x="+0" y="3418"/>
	<up x="+0" y="3193"/>
	<down x="+0" y="3391"/>
	<size width="68" height="15"/>
	<text dx="3" dy="2" width="68" font="ARIAL GREEK" size="14" color="#ffffff" align="center" format="%videofx" scroll="yes"/>
</button>
<button pannel="video" action="video_transition_select">
	<pos x="684" y="383"/>
	<size width="19" height="19"/>
</button>
<button pannel="video" action="video_fx_select">
	<pos x="793" y="383"/>
	<size width="19" height="19"/>
</button>

Video FX CTRL knob
------------------------------------------------------------
<slider pannel="video" action="video_fx_slider" orientation="round">
	<pos x="818" y="381"/>
	<size width="23" height="23"/>
	<up x="709" y="169"/>
	<over x="709" y="169"/>
	<down x="709" y="169"/>
	<clipmask x="595" y="2498"/>
	<fader anglemin="-160" anglemax="+160">
		<size width="23" height="23"/>
		<mask x="596" y="2451" />
		<pos x="594" y="2523" />
	</fader>
</slider>

Video Auto Crossfader & Linked
------------------------------------------------------------
<button pannel="video" action="video_crossfader_auto">
	<pos x="601" y="437"/>
	<size width="11" height="14"/>
	<selected x="+0" y="3308"/>
	<down x="+0" y="3247" />
	<up x="+0" y="3247" />
	<over x="+0" y="3281" />
</button>
<button pannel="video" action="video_crossfader_link">
	<pos x="830" y="439"/>
	<size width="11" height="14"/>
	<selected x="+0" y="3310"/>
	<down x="+0" y="3249" />
	<up x="+0" y="3249" />
	<over x="+0" y="3283" />
</button>
Toggle audio a& video crossfader
----------------------------------------------------------
<pannel id="crossfader_video" pannel="video" group="crossfader" visible="yes">
	<pos x="642" y="428"/>
	<size width="154" height="27"/>
</pannel>
<pannel id="crossfader_audio" pannel="video" group="crossfader" visible="no">
	<pos x="642" y="428"/>
	<size width="154" height="27"/>
</pannel>
<button pannel="crossfader_video" action="skin_pannel 'crossfader_audio' on">
	<pos x="678" y="410"/>
	<size width="84" height="11"/>
	<up x="678" y="3220"/>
	<over x="678" y="3533"/>
	<down x="678" y="3220"/>
</button>
<button pannel="crossfader_audio" action="skin_pannel 'crossfader_video' on">
	<pos x="678" y="410"/>
	<size width="84" height="11"/>
	<up x="678" y="3281"/>
	<over x="678" y="3516"/>
	<down x="678" y="3281"/>
</button>

<slider pannel="crossfader_video" action="video_crossfader" orientation="horizontal" dblclick="video_crossfader 50%" rightclick="video_crossfader while_pressed">
	<pos x="642" y="428"/>
	<size width="154" height="27"/>
	<up x="642" y="3237"/>
	<down x="642" y="3237"/>
	<selected x="642" y="3237"/>
	<fader>
	  <pos x="710" y="3297"/>
	   <size width="20" height="27"/>
	</fader>
</slider>
<slider pannel="crossfader_audio" action="crossfader" orientation="horizontal" dblclick="crossfader 50%" rightclick="crossfader while_pressed">
	<pos x="642" y="428"/>
	<size width="154" height="27"/>
	<up x="642" y="3237"/>
	<down x="642" y="3237"/>
	<selected x="642" y="3237"/>
	<fader>
	  <pos x="710" y="3297"/>
	   <size width="20" height="27"/>
	</fader>
</slider>

************************************************************
  SCRATCH MIXER  
************************************************************

 <scratchwave pannel="scratch" deck="1" orientation="vertical" length="2000">
  <pos x="597" y="150"/>
  <size width="69" height="304"/>
  <down x="234" y="3295"/>
  <up x="234" y="2960"/>
 </scratchwave>
 
  <scratchwave pannel="scratch" deck="2" orientation="vertical" length="2000">
  <pos x="777" y="150"/>
  <size width="69" height="304"/>
  <down x="414" y="3295"/>
  <up x="414" y="2960"/>
 </scratchwave>

CLONE 
-------------------------------------------------------
<button pannel="scratch" action="deck 2 clone_deck" >
		<pos x="685" y="290"></pos>
		<size width="34" height="21"/>
		<down x="321" y="3444"/>
		<over x="322" y="3671"/>
		<up x="322" y="3101"/>
</button>
<button pannel="scratch" action="deck 1 clone_deck" >
		<pos x="721" y="290"></pos>
		<size width="36" height="21"/>
		<down x="357" y="3444"/>
		<over x="358" y="3671"/>
		<up x="358" y="3101"/>
</button>
GAIN 
-------------------------------------------------------
<slider pannel="scratch" action="deck 1 gain" orientation="round" dblclick="deck 1 gain 50%" rightclick="deck 1 match_gain">
	<pos x="692" y="174"/>
	<size width="23" height="23"/>
	<up x="709" y="169"/>
	<over x="709" y="169"/>
	<down x="709" y="169"/>
	<clipmask x="595" y="2498"/>
	<fader anglemin="-160" anglemax="+160">
		<size width="23" height="23"/>
		<mask x="596" y="2451" />
		<pos x="594" y="2523" />
	</fader>
</slider>
<slider pannel="scratch" action="deck 2 gain" orientation="round" dblclick="deck 2 gain 50%" rightclick="deck 2 match_gain">
	<pos x="726" y="174"/>
	<size width="23" height="23"/>
	<up x="709" y="169"/>
	<over x="709" y="169"/>
	<down x="709" y="169"/>
	<clipmask x="595" y="2498"/>
	<fader anglemin="-160" anglemax="+160">
		<size width="23" height="23"/>
		<mask x="596" y="2451" />
		<pos x="594" y="2523" />
	</fader>
</slider>

TIMECODE MODE 
-------------------------------------------------------
<button pannel="scratch" action="deck 1 timecode_mode smart & deck 2 timecode_mode smart">
		<pos x="684" y="233"/>
		<size width="23" height="16"/>
		<selected x="321" y="3387"/>
		<over x="321" y="3614"/>
		<up x="321" y="3043"/>
</button>
<button pannel="scratch" action="deck 1 timecode_mode relative & deck 2 timecode_mode relative">
		<pos x="707" y="233"/>
		<size width="26" height="16"/>
		<selected x="343" y="3387"/>
		<over x="343" y="3614"/>
		<up x="343" y="3043"/>
</button>
<button pannel="scratch" action="deck 1 timecode_mode absolute & deck 2 timecode_mode absolute">
		<pos x="735" y="233"/>
		<size width="23" height="16"/>
		<selected x="371" y="3387"/>
		<over x="371" y="3614"/>
		<up x="371" y="3043"/>
</button>

--- Active Timecode Deck A
<button pannel="scratch" action="deck 1 timecode_active">
		<pos x="692" y="345" />
		<size width="20" height="19" />
		<selected x="329" y="3515" />
		<down x="329" y="3515" />
		<up x="329" y="3155" />
		<over x="329" y="3741" />
</button>
<button pannel="scratch" action="deck 2 timecode_active">
		<pos x="692" y="391" />
		<size width="20" height="19" />
		<selected x="329" y="3561" />
		<down x="329" y="3561" />
		<up x="329" y="3155" />
		<over x="329" y="3787" />
</button>

----- Timecode Quality ------
<visual pannel="scratch" type="linear" source="deck 1 get timecode_quality" orientation="horizontal" direction="up">
		<size width="31" height="10" />
		<pos x="720" y="349" />
		<down x="357" y="3519" />
		<up x="357" y="3159" />
</visual>
<visual pannel="scratch" type="linear" source="deck 2 get timecode_quality" orientation="horizontal" direction="up">
		<size width="31" height="10" />
		<pos x="720" y="395" />
		<down x="357" y="3519" />
		<up x="357" y="3205" />
</visual>

----- Beatlock and SmartScratch
<button pannel="scratch" action="deck 1 smart_scratch">
	<pos x="680" y="424"/>
	<size width="9" height="11"/>
	<selected x="456" y="1421"/>
	<up x="456" y="408"/>
	<over x="456" y="1983"/>
	<down x="456" y="1421"/>
</button>
<button pannel="scratch" action="deck 1 beatlock">
	<pos x="680" y="437"/>
	<size width="9" height="11"/>
	<selected x="456" y="1421"/>
	<up x="456" y="408"/>
	<over x="456" y="1983"/>
	<down x="456" y="1421"/>
</button>
<button pannel="scratch" action="deck 2 smart_scratch">
	<pos x="756" y="424"/>
	<size width="9" height="11"/>
	<selected x="456" y="1421"/>
	<up x="456" y="408"/>
	<over x="456" y="1983"/>
	<down x="456" y="1421"/>
</button>
<button pannel="scratch" action="deck 2 beatlock">
	<pos x="756" y="437"/>
	<size width="9" height="11"/>
	<selected x="456" y="1421"/>
	<up x="456" y="408"/>
	<over x="456" y="1983"/>
	<down x="456" y="1421"/>
</button>

</Skin>



